date,DFEDTAR
20000101,5.0
20000102,5.5
20000103,5.5
20000104,5.5
20000105,5.5
20000106,5.5
20000107,5.5
20000108,5.5
20000109,5.5
20000110,5.5
20000111,5.5
20000112,5.5
20000113,5.5
20000114,5.5
20000115,5.5
20000116,5.5
20000117,5.5
20000118,5.5
20000119,5.5
20000120,5.5
20000121,5.5
20000122,5.5
20000123,5.5
20000124,5.5
20000125,5.5
20000126,5.5
20000127,5.5
20000128,5.5
20000129,5.5
20000130,5.5
20000131,5.5
20000201,5.5
20000202,5.75
20000203,5.75
20000204,5.75
20000205,5.75
20000206,5.75
20000207,5.75
20000208,5.75
20000209,5.75
20000210,5.75
20000211,5.75
20000212,5.75
20000213,5.75
20000214,5.75
20000215,5.75
20000216,5.75
20000217,5.75
20000218,5.75
20000219,5.75
20000220,5.75
20000221,5.75
20000222,5.75
20000223,5.75
20000224,5.75
20000225,5.75
20000226,5.75
20000227,5.75
20000228,5.75
20000229,5.75
20000301,5.75
20000302,5.75
20000303,5.75
20000304,5.75
20000305,5.75
20000306,5.75
20000307,5.75
20000308,5.75
20000309,5.75
20000310,5.75
20000311,5.75
20000312,5.75
20000313,5.75
20000314,5.75
20000315,5.75
20000316,5.75
20000317,5.75
20000318,5.75
20000319,5.75
20000320,5.75
20000321,6.0
20000322,6.0
20000323,6.0
20000324,6.0
20000325,6.0
20000326,6.0
20000327,6.0
20000328,6.0
20000329,6.0
20000330,6.0
20000331,6.0
20000401,6.0
20000402,6.0
20000403,6.0
20000404,6.0
20000405,6.0
20000406,6.0
20000407,6.0
20000408,6.0
20000409,6.0
20000410,6.0
20000411,6.0
20000412,6.0
20000413,6.0
20000414,6.0
20000415,6.0
20000416,6.0
20000417,6.0
20000418,6.0
20000419,6.0
20000420,6.0
20000421,6.0
20000422,6.0
20000423,6.0
20000424,6.0
20000425,6.0
20000426,6.0
20000427,6.0
20000428,6.0
20000429,6.0
20000430,6.0
20000501,6.0
20000502,6.0
20000503,6.0
20000504,6.0
20000505,6.0
20000506,6.0
20000507,6.0
20000508,6.0
20000509,6.0
20000510,6.0
20000511,6.0
20000512,6.0
20000513,6.0
20000514,6.0
20000515,6.0
20000516,6.5
20000517,6.5
20000518,6.5
20000519,6.5
20000520,6.5
20000521,6.5
20000522,6.5
20000523,6.5
20000524,6.5
20000525,6.5
20000526,6.5
20000527,6.5
20000528,6.5
20000529,6.5
20000530,6.5
20000531,6.5
20000601,6.5
20000602,6.5
20000603,6.5
20000604,6.5
20000605,6.5
20000606,6.5
20000607,6.5
20000608,6.5
20000609,6.5
20000610,6.5
20000611,6.5
20000612,6.5
20000613,6.5
20000614,6.5
20000615,6.5
20000616,6.5
20000617,6.5
20000618,6.5
20000619,6.5
20000620,6.5
20000621,6.5
20000622,6.5
20000623,6.5
20000624,6.5
20000625,6.5
20000626,6.5
20000627,6.5
20000628,6.5
20000629,6.5
20000630,6.5
20000701,6.5
20000702,6.5
20000703,6.5
20000704,6.5
20000705,6.5
20000706,6.5
20000707,6.5
20000708,6.5
20000709,6.5
20000710,6.5
20000711,6.5
20000712,6.5
20000713,6.5
20000714,6.5
20000715,6.5
20000716,6.5
20000717,6.5
20000718,6.5
20000719,6.5
20000720,6.5
20000721,6.5
20000722,6.5
20000723,6.5
20000724,6.5
20000725,6.5
20000726,6.5
20000727,6.5
20000728,6.5
20000729,6.5
20000730,6.5
20000731,6.5
20000801,6.5
20000802,6.5
20000803,6.5
20000804,6.5
20000805,6.5
20000806,6.5
20000807,6.5
20000808,6.5
20000809,6.5
20000810,6.5
20000811,6.5
20000812,6.5
20000813,6.5
20000814,6.5
20000815,6.5
20000816,6.5
20000817,6.5
20000818,6.5
20000819,6.5
20000820,6.5
20000821,6.5
20000822,6.5
20000823,6.5
20000824,6.5
20000825,6.5
20000826,6.5
20000827,6.5
20000828,6.5
20000829,6.5
20000830,6.5
20000831,6.5
20000901,6.5
20000902,6.5
20000903,6.5
20000904,6.5
20000905,6.5
20000906,6.5
20000907,6.5
20000908,6.5
20000909,6.5
20000910,6.5
20000911,6.5
20000912,6.5
20000913,6.5
20000914,6.5
20000915,6.5
20000916,6.5
20000917,6.5
20000918,6.5
20000919,6.5
20000920,6.5
20000921,6.5
20000922,6.5
20000923,6.5
20000924,6.5
20000925,6.5
20000926,6.5
20000927,6.5
20000928,6.5
20000929,6.5
20000930,6.5
20001001,6.5
20001002,6.5
20001003,6.5
20001004,6.5
20001005,6.5
20001006,6.5
20001007,6.5
20001008,6.5
20001009,6.5
20001010,6.5
20001011,6.5
20001012,6.5
20001013,6.5
20001014,6.5
20001015,6.5
20001016,6.5
20001017,6.5
20001018,6.5
20001019,6.5
20001020,6.5
20001021,6.5
20001022,6.5
20001023,6.5
20001024,6.5
20001025,6.5
20001026,6.5
20001027,6.5
20001028,6.5
20001029,6.5
20001030,6.5
20001031,6.5
20001101,6.5
20001102,6.5
20001103,6.5
20001104,6.5
20001105,6.5
20001106,6.5
20001107,6.5
20001108,6.5
20001109,6.5
20001110,6.5
20001111,6.5
20001112,6.5
20001113,6.5
20001114,6.5
20001115,6.5
20001116,6.5
20001117,6.5
20001118,6.5
20001119,6.5
20001120,6.5
20001121,6.5
20001122,6.5
20001123,6.5
20001124,6.5
20001125,6.5
20001126,6.5
20001127,6.5
20001128,6.5
20001129,6.5
20001130,6.5
20001201,6.5
20001202,6.5
20001203,6.5
20001204,6.5
20001205,6.5
20001206,6.5
20001207,6.5
20001208,6.5
20001209,6.5
20001210,6.5
20001211,6.5
20001212,6.5
20001213,6.5
20001214,6.5
20001215,6.5
20001216,6.5
20001217,6.5
20001218,6.5
20001219,6.5
20001220,6.5
20001221,6.5
20001222,6.5
20001223,6.5
20001224,6.5
20001225,6.5
20001226,6.5
20001227,6.5
20001228,6.5
20001229,6.5
20001230,6.5
20001231,6.5
20010101,6.5
20010102,6.5
20010103,6.0
20010104,6.0
20010105,6.0
20010106,6.0
20010107,6.0
20010108,6.0
20010109,6.0
20010110,6.0
20010111,6.0
20010112,6.0
20010113,6.0
20010114,6.0
20010115,6.0
20010116,6.0
20010117,6.0
20010118,6.0
20010119,6.0
20010120,6.0
20010121,6.0
20010122,6.0
20010123,6.0
20010124,6.0
20010125,6.0
20010126,6.0
20010127,6.0
20010128,6.0
20010129,6.0
20010130,6.0
20010131,5.5
20010201,5.5
20010202,5.5
20010203,5.5
20010204,5.5
20010205,5.5
20010206,5.5
20010207,5.5
20010208,5.5
20010209,5.5
20010210,5.5
20010211,5.5
20010212,5.5
20010213,5.5
20010214,5.5
20010215,5.5
20010216,5.5
20010217,5.5
20010218,5.5
20010219,5.5
20010220,5.5
20010221,5.5
20010222,5.5
20010223,5.5
20010224,5.5
20010225,5.5
20010226,5.5
20010227,5.5
20010228,5.5
20010301,5.5
20010302,5.5
20010303,5.5
20010304,5.5
20010305,5.5
20010306,5.5
20010307,5.5
20010308,5.5
20010309,5.5
20010310,5.5
20010311,5.5
20010312,5.5
20010313,5.5
20010314,5.5
20010315,5.5
20010316,5.5
20010317,5.5
20010318,5.5
20010319,5.5
20010320,5.0
20010321,5.0
20010322,5.0
20010323,5.0
20010324,5.0
20010325,5.0
20010326,5.0
20010327,5.0
20010328,5.0
20010329,5.0
20010330,5.0
20010331,5.0
20010401,5.0
20010402,5.0
20010403,5.0
20010404,5.0
20010405,5.0
20010406,5.0
20010407,5.0
20010408,5.0
20010409,5.0
20010410,5.0
20010411,5.0
20010412,5.0
20010413,5.0
20010414,5.0
20010415,5.0
20010416,5.0
20010417,5.0
20010418,4.5
20010419,4.5
20010420,4.5
20010421,4.5
20010422,4.5
20010423,4.5
20010424,4.5
20010425,4.5
20010426,4.5
20010427,4.5
20010428,4.5
20010429,4.5
20010430,4.5
20010501,4.5
20010502,4.5
20010503,4.5
20010504,4.5
20010505,4.5
20010506,4.5
20010507,4.5
20010508,4.5
20010509,4.5
20010510,4.5
20010511,4.5
20010512,4.5
20010513,4.5
20010514,4.5
20010515,4.0
20010516,4.0
20010517,4.0
20010518,4.0
20010519,4.0
20010520,4.0
20010521,4.0
20010522,4.0
20010523,4.0
20010524,4.0
20010525,4.0
20010526,4.0
20010527,4.0
20010528,4.0
20010529,4.0
20010530,4.0
20010531,4.0
20010601,4.0
20010602,4.0
20010603,4.0
20010604,4.0
20010605,4.0
20010606,4.0
20010607,4.0
20010608,4.0
20010609,4.0
20010610,4.0
20010611,4.0
20010612,4.0
20010613,4.0
20010614,4.0
20010615,4.0
20010616,4.0
20010617,4.0
20010618,4.0
20010619,4.0
20010620,4.0
20010621,4.0
20010622,4.0
20010623,4.0
20010624,4.0
20010625,4.0
20010626,4.0
20010627,3.75
20010628,3.75
20010629,3.75
20010630,3.75
20010701,3.75
20010702,3.75
20010703,3.75
20010704,3.75
20010705,3.75
20010706,3.75
20010707,3.75
20010708,3.75
20010709,3.75
20010710,3.75
20010711,3.75
20010712,3.75
20010713,3.75
20010714,3.75
20010715,3.75
20010716,3.75
20010717,3.75
20010718,3.75
20010719,3.75
20010720,3.75
20010721,3.75
20010722,3.75
20010723,3.75
20010724,3.75
20010725,3.75
20010726,3.75
20010727,3.75
20010728,3.75
20010729,3.75
20010730,3.75
20010731,3.75
20010801,3.75
20010802,3.75
20010803,3.75
20010804,3.75
20010805,3.75
20010806,3.75
20010807,3.75
20010808,3.75
20010809,3.75
20010810,3.75
20010811,3.75
20010812,3.75
20010813,3.75
20010814,3.75
20010815,3.75
20010816,3.75
20010817,3.75
20010818,3.75
20010819,3.75
20010820,3.75
20010821,3.5
20010822,3.5
20010823,3.5
20010824,3.5
20010825,3.5
20010826,3.5
20010827,3.5
20010828,3.5
20010829,3.5
20010830,3.5
20010831,3.5
20010901,3.5
20010902,3.5
20010903,3.5
20010904,3.5
20010905,3.5
20010906,3.5
20010907,3.5
20010908,3.5
20010909,3.5
20010910,3.5
20010911,3.5
20010912,3.5
20010913,3.5
20010914,3.5
20010915,3.5
20010916,3.5
20010917,3.0
20010918,3.0
20010919,3.0
20010920,3.0
20010921,3.0
20010922,3.0
20010923,3.0
20010924,3.0
20010925,3.0
20010926,3.0
20010927,3.0
20010928,3.0
20010929,3.0
20010930,3.0
20011001,3.0
20011002,2.5
20011003,2.5
20011004,2.5
20011005,2.5
20011006,2.5
20011007,2.5
20011008,2.5
20011009,2.5
20011010,2.5
20011011,2.5
20011012,2.5
20011013,2.5
20011014,2.5
20011015,2.5
20011016,2.5
20011017,2.5
20011018,2.5
20011019,2.5
20011020,2.5
20011021,2.5
20011022,2.5
20011023,2.5
20011024,2.5
20011025,2.5
20011026,2.5
20011027,2.5
20011028,2.5
20011029,2.5
20011030,2.5
20011031,2.5
20011101,2.5
20011102,2.5
20011103,2.5
20011104,2.5
20011105,2.5
20011106,2.0
20011107,2.0
20011108,2.0
20011109,2.0
20011110,2.0
20011111,2.0
20011112,2.0
20011113,2.0
20011114,2.0
20011115,2.0
20011116,2.0
20011117,2.0
20011118,2.0
20011119,2.0
20011120,2.0
20011121,2.0
20011122,2.0
20011123,2.0
20011124,2.0
20011125,2.0
20011126,2.0
20011127,2.0
20011128,2.0
20011129,2.0
20011130,2.0
20011201,2.0
20011202,2.0
20011203,2.0
20011204,2.0
20011205,2.0
20011206,2.0
20011207,2.0
20011208,2.0
20011209,2.0
20011210,2.0
20011211,1.75
20011212,1.75
20011213,1.75
20011214,1.75
20011215,1.75
20011216,1.75
20011217,1.75
20011218,1.75
20011219,1.75
20011220,1.75
20011221,1.75
20011222,1.75
20011223,1.75
20011224,1.75
20011225,1.75
20011226,1.75
20011227,1.75
20011228,1.75
20011229,1.75
20011230,1.75
20011231,1.75
20020101,1.75
20020102,1.75
20020103,1.75
20020104,1.75
20020105,1.75
20020106,1.75
20020107,1.75
20020108,1.75
20020109,1.75
20020110,1.75
20020111,1.75
20020112,1.75
20020113,1.75
20020114,1.75
20020115,1.75
20020116,1.75
20020117,1.75
20020118,1.75
20020119,1.75
20020120,1.75
20020121,1.75
20020122,1.75
20020123,1.75
20020124,1.75
20020125,1.75
20020126,1.75
20020127,1.75
20020128,1.75
20020129,1.75
20020130,1.75
20020131,1.75
20020201,1.75
20020202,1.75
20020203,1.75
20020204,1.75
20020205,1.75
20020206,1.75
20020207,1.75
20020208,1.75
20020209,1.75
20020210,1.75
20020211,1.75
20020212,1.75
20020213,1.75
20020214,1.75
20020215,1.75
20020216,1.75
20020217,1.75
20020218,1.75
20020219,1.75
20020220,1.75
20020221,1.75
20020222,1.75
20020223,1.75
20020224,1.75
20020225,1.75
20020226,1.75
20020227,1.75
20020228,1.75
20020301,1.75
20020302,1.75
20020303,1.75
20020304,1.75
20020305,1.75
20020306,1.75
20020307,1.75
20020308,1.75
20020309,1.75
20020310,1.75
20020311,1.75
20020312,1.75
20020313,1.75
20020314,1.75
20020315,1.75
20020316,1.75
20020317,1.75
20020318,1.75
20020319,1.75
20020320,1.75
20020321,1.75
20020322,1.75
20020323,1.75
20020324,1.75
20020325,1.75
20020326,1.75
20020327,1.75
20020328,1.75
20020329,1.75
20020330,1.75
20020331,1.75
20020401,1.75
20020402,1.75
20020403,1.75
20020404,1.75
20020405,1.75
20020406,1.75
20020407,1.75
20020408,1.75
20020409,1.75
20020410,1.75
20020411,1.75
20020412,1.75
20020413,1.75
20020414,1.75
20020415,1.75
20020416,1.75
20020417,1.75
20020418,1.75
20020419,1.75
20020420,1.75
20020421,1.75
20020422,1.75
20020423,1.75
20020424,1.75
20020425,1.75
20020426,1.75
20020427,1.75
20020428,1.75
20020429,1.75
20020430,1.75
20020501,1.75
20020502,1.75
20020503,1.75
20020504,1.75
20020505,1.75
20020506,1.75
20020507,1.75
20020508,1.75
20020509,1.75
20020510,1.75
20020511,1.75
20020512,1.75
20020513,1.75
20020514,1.75
20020515,1.75
20020516,1.75
20020517,1.75
20020518,1.75
20020519,1.75
20020520,1.75
20020521,1.75
20020522,1.75
20020523,1.75
20020524,1.75
20020525,1.75
20020526,1.75
20020527,1.75
20020528,1.75
20020529,1.75
20020530,1.75
20020531,1.75
20020601,1.75
20020602,1.75
20020603,1.75
20020604,1.75
20020605,1.75
20020606,1.75
20020607,1.75
20020608,1.75
20020609,1.75
20020610,1.75
20020611,1.75
20020612,1.75
20020613,1.75
20020614,1.75
20020615,1.75
20020616,1.75
20020617,1.75
20020618,1.75
20020619,1.75
20020620,1.75
20020621,1.75
20020622,1.75
20020623,1.75
20020624,1.75
20020625,1.75
20020626,1.75
20020627,1.75
20020628,1.75
20020629,1.75
20020630,1.75
20020701,1.75
20020702,1.75
20020703,1.75
20020704,1.75
20020705,1.75
20020706,1.75
20020707,1.75
20020708,1.75
20020709,1.75
20020710,1.75
20020711,1.75
20020712,1.75
20020713,1.75
20020714,1.75
20020715,1.75
20020716,1.75
20020717,1.75
20020718,1.75
20020719,1.75
20020720,1.75
20020721,1.75
20020722,1.75
20020723,1.75
20020724,1.75
20020725,1.75
20020726,1.75
20020727,1.75
20020728,1.75
20020729,1.75
20020730,1.75
20020731,1.75
20020801,1.75
20020802,1.75
20020803,1.75
20020804,1.75
20020805,1.75
20020806,1.75
20020807,1.75
20020808,1.75
20020809,1.75
20020810,1.75
20020811,1.75
20020812,1.75
20020813,1.75
20020814,1.75
20020815,1.75
20020816,1.75
20020817,1.75
20020818,1.75
20020819,1.75
20020820,1.75
20020821,1.75
20020822,1.75
20020823,1.75
20020824,1.75
20020825,1.75
20020826,1.75
20020827,1.75
20020828,1.75
20020829,1.75
20020830,1.75
20020831,1.75
20020901,1.75
20020902,1.75
20020903,1.75
20020904,1.75
20020905,1.75
20020906,1.75
20020907,1.75
20020908,1.75
20020909,1.75
20020910,1.75
20020911,1.75
20020912,1.75
20020913,1.75
20020914,1.75
20020915,1.75
20020916,1.75
20020917,1.75
20020918,1.75
20020919,1.75
20020920,1.75
20020921,1.75
20020922,1.75
20020923,1.75
20020924,1.75
20020925,1.75
20020926,1.75
20020927,1.75
20020928,1.75
20020929,1.75
20020930,1.75
20021001,1.75
20021002,1.75
20021003,1.75
20021004,1.75
20021005,1.75
20021006,1.75
20021007,1.75
20021008,1.75
20021009,1.75
20021010,1.75
20021011,1.75
20021012,1.75
20021013,1.75
20021014,1.75
20021015,1.75
20021016,1.75
20021017,1.75
20021018,1.75
20021019,1.75
20021020,1.75
20021021,1.75
20021022,1.75
20021023,1.75
20021024,1.75
20021025,1.75
20021026,1.75
20021027,1.75
20021028,1.75
20021029,1.75
20021030,1.75
20021031,1.75
20021101,1.75
20021102,1.75
20021103,1.75
20021104,1.75
20021105,1.75
20021106,1.25
20021107,1.25
20021108,1.25
20021109,1.25
20021110,1.25
20021111,1.25
20021112,1.25
20021113,1.25
20021114,1.25
20021115,1.25
20021116,1.25
20021117,1.25
20021118,1.25
20021119,1.25
20021120,1.25
20021121,1.25
20021122,1.25
20021123,1.25
20021124,1.25
20021125,1.25
20021126,1.25
20021127,1.25
20021128,1.25
20021129,1.25
20021130,1.25
20021201,1.25
20021202,1.25
20021203,1.25
20021204,1.25
20021205,1.25
20021206,1.25
20021207,1.25
20021208,1.25
20021209,1.25
20021210,1.25
20021211,1.25
20021212,1.25
20021213,1.25
20021214,1.25
20021215,1.25
20021216,1.25
20021217,1.25
20021218,1.25
20021219,1.25
20021220,1.25
20021221,1.25
20021222,1.25
20021223,1.25
20021224,1.25
20021225,1.25
20021226,1.25
20021227,1.25
20021228,1.25
20021229,1.25
20021230,1.25
20021231,1.25
20030101,1.25
20030102,1.25
20030103,1.25
20030104,1.25
20030105,1.25
20030106,1.25
20030107,1.25
20030108,1.25
20030109,1.25
20030110,1.25
20030111,1.25
20030112,1.25
20030113,1.25
20030114,1.25
20030115,1.25
20030116,1.25
20030117,1.25
20030118,1.25
20030119,1.25
20030120,1.25
20030121,1.25
20030122,1.25
20030123,1.25
20030124,1.25
20030125,1.25
20030126,1.25
20030127,1.25
20030128,1.25
20030129,1.25
20030130,1.25
20030131,1.25
20030201,1.25
20030202,1.25
20030203,1.25
20030204,1.25
20030205,1.25
20030206,1.25
20030207,1.25
20030208,1.25
20030209,1.25
20030210,1.25
20030211,1.25
20030212,1.25
20030213,1.25
20030214,1.25
20030215,1.25
20030216,1.25
20030217,1.25
20030218,1.25
20030219,1.25
20030220,1.25
20030221,1.25
20030222,1.25
20030223,1.25
20030224,1.25
20030225,1.25
20030226,1.25
20030227,1.25
20030228,1.25
20030301,1.25
20030302,1.25
20030303,1.25
20030304,1.25
20030305,1.25
20030306,1.25
20030307,1.25
20030308,1.25
20030309,1.25
20030310,1.25
20030311,1.25
20030312,1.25
20030313,1.25
20030314,1.25
20030315,1.25
20030316,1.25
20030317,1.25
20030318,1.25
20030319,1.25
20030320,1.25
20030321,1.25
20030322,1.25
20030323,1.25
20030324,1.25
20030325,1.25
20030326,1.25
20030327,1.25
20030328,1.25
20030329,1.25
20030330,1.25
20030331,1.25
20030401,1.25
20030402,1.25
20030403,1.25
20030404,1.25
20030405,1.25
20030406,1.25
20030407,1.25
20030408,1.25
20030409,1.25
20030410,1.25
20030411,1.25
20030412,1.25
20030413,1.25
20030414,1.25
20030415,1.25
20030416,1.25
20030417,1.25
20030418,1.25
20030419,1.25
20030420,1.25
20030421,1.25
20030422,1.25
20030423,1.25
20030424,1.25
20030425,1.25
20030426,1.25
20030427,1.25
20030428,1.25
20030429,1.25
20030430,1.25
20030501,1.25
20030502,1.25
20030503,1.25
20030504,1.25
20030505,1.25
20030506,1.25
20030507,1.25
20030508,1.25
20030509,1.25
20030510,1.25
20030511,1.25
20030512,1.25
20030513,1.25
20030514,1.25
20030515,1.25
20030516,1.25
20030517,1.25
20030518,1.25
20030519,1.25
20030520,1.25
20030521,1.25
20030522,1.25
20030523,1.25
20030524,1.25
20030525,1.25
20030526,1.25
20030527,1.25
20030528,1.25
20030529,1.25
20030530,1.25
20030531,1.25
20030601,1.25
20030602,1.25
20030603,1.25
20030604,1.25
20030605,1.25
20030606,1.25
20030607,1.25
20030608,1.25
20030609,1.25
20030610,1.25
20030611,1.25
20030612,1.25
20030613,1.25
20030614,1.25
20030615,1.25
20030616,1.25
20030617,1.25
20030618,1.25
20030619,1.25
20030620,1.25
20030621,1.25
20030622,1.25
20030623,1.25
20030624,1.25
20030625,1.0
20030626,1.0
20030627,1.0
20030628,1.0
20030629,1.0
20030630,1.0
20030701,1.0
20030702,1.0
20030703,1.0
20030704,1.0
20030705,1.0
20030706,1.0
20030707,1.0
20030708,1.0
20030709,1.0
20030710,1.0
20030711,1.0
20030712,1.0
20030713,1.0
20030714,1.0
20030715,1.0
20030716,1.0
20030717,1.0
20030718,1.0
20030719,1.0
20030720,1.0
20030721,1.0
20030722,1.0
20030723,1.0
20030724,1.0
20030725,1.0
20030726,1.0
20030727,1.0
20030728,1.0
20030729,1.0
20030730,1.0
20030731,1.0
20030801,1.0
20030802,1.0
20030803,1.0
20030804,1.0
20030805,1.0
20030806,1.0
20030807,1.0
20030808,1.0
20030809,1.0
20030810,1.0
20030811,1.0
20030812,1.0
20030813,1.0
20030814,1.0
20030815,1.0
20030816,1.0
20030817,1.0
20030818,1.0
20030819,1.0
20030820,1.0
20030821,1.0
20030822,1.0
20030823,1.0
20030824,1.0
20030825,1.0
20030826,1.0
20030827,1.0
20030828,1.0
20030829,1.0
20030830,1.0
20030831,1.0
20030901,1.0
20030902,1.0
20030903,1.0
20030904,1.0
20030905,1.0
20030906,1.0
20030907,1.0
20030908,1.0
20030909,1.0
20030910,1.0
20030911,1.0
20030912,1.0
20030913,1.0
20030914,1.0
20030915,1.0
20030916,1.0
20030917,1.0
20030918,1.0
20030919,1.0
20030920,1.0
20030921,1.0
20030922,1.0
20030923,1.0
20030924,1.0
20030925,1.0
20030926,1.0
20030927,1.0
20030928,1.0
20030929,1.0
20030930,1.0
20031001,1.0
20031002,1.0
20031003,1.0
20031004,1.0
20031005,1.0
20031006,1.0
20031007,1.0
20031008,1.0
20031009,1.0
20031010,1.0
20031011,1.0
20031012,1.0
20031013,1.0
20031014,1.0
20031015,1.0
20031016,1.0
20031017,1.0
20031018,1.0
20031019,1.0
20031020,1.0
20031021,1.0
20031022,1.0
20031023,1.0
20031024,1.0
20031025,1.0
20031026,1.0
20031027,1.0
20031028,1.0
20031029,1.0
20031030,1.0
20031031,1.0
20031101,1.0
20031102,1.0
20031103,1.0
20031104,1.0
20031105,1.0
20031106,1.0
20031107,1.0
20031108,1.0
20031109,1.0
20031110,1.0
20031111,1.0
20031112,1.0
20031113,1.0
20031114,1.0
20031115,1.0
20031116,1.0
20031117,1.0
20031118,1.0
20031119,1.0
20031120,1.0
20031121,1.0
20031122,1.0
20031123,1.0
20031124,1.0
20031125,1.0
20031126,1.0
20031127,1.0
20031128,1.0
20031129,1.0
20031130,1.0
20031201,1.0
20031202,1.0
20031203,1.0
20031204,1.0
20031205,1.0
20031206,1.0
20031207,1.0
20031208,1.0
20031209,1.0
20031210,1.0
20031211,1.0
20031212,1.0
20031213,1.0
20031214,1.0
20031215,1.0
20031216,1.0
20031217,1.0
20031218,1.0
20031219,1.0
20031220,1.0
20031221,1.0
20031222,1.0
20031223,1.0
20031224,1.0
20031225,1.0
20031226,1.0
20031227,1.0
20031228,1.0
20031229,1.0
20031230,1.0
20031231,1.0
20040101,1.0
20040102,1.0
20040103,1.0
20040104,1.0
20040105,1.0
20040106,1.0
20040107,1.0
20040108,1.0
20040109,1.0
20040110,1.0
20040111,1.0
20040112,1.0
20040113,1.0
20040114,1.0
20040115,1.0
20040116,1.0
20040117,1.0
20040118,1.0
20040119,1.0
20040120,1.0
20040121,1.0
20040122,1.0
20040123,1.0
20040124,1.0
20040125,1.0
20040126,1.0
20040127,1.0
20040128,1.0
20040129,1.0
20040130,1.0
20040131,1.0
20040201,1.0
20040202,1.0
20040203,1.0
20040204,1.0
20040205,1.0
20040206,1.0
20040207,1.0
20040208,1.0
20040209,1.0
20040210,1.0
20040211,1.0
20040212,1.0
20040213,1.0
20040214,1.0
20040215,1.0
20040216,1.0
20040217,1.0
20040218,1.0
20040219,1.0
20040220,1.0
20040221,1.0
20040222,1.0
20040223,1.0
20040224,1.0
20040225,1.0
20040226,1.0
20040227,1.0
20040228,1.0
20040229,1.0
20040301,1.0
20040302,1.0
20040303,1.0
20040304,1.0
20040305,1.0
20040306,1.0
20040307,1.0
20040308,1.0
20040309,1.0
20040310,1.0
20040311,1.0
20040312,1.0
20040313,1.0
20040314,1.0
20040315,1.0
20040316,1.0
20040317,1.0
20040318,1.0
20040319,1.0
20040320,1.0
20040321,1.0
20040322,1.0
20040323,1.0
20040324,1.0
20040325,1.0
20040326,1.0
20040327,1.0
20040328,1.0
20040329,1.0
20040330,1.0
20040331,1.0
20040401,1.0
20040402,1.0
20040403,1.0
20040404,1.0
20040405,1.0
20040406,1.0
20040407,1.0
20040408,1.0
20040409,1.0
20040410,1.0
20040411,1.0
20040412,1.0
20040413,1.0
20040414,1.0
20040415,1.0
20040416,1.0
20040417,1.0
20040418,1.0
20040419,1.0
20040420,1.0
20040421,1.0
20040422,1.0
20040423,1.0
20040424,1.0
20040425,1.0
20040426,1.0
20040427,1.0
20040428,1.0
20040429,1.0
20040430,1.0
20040501,1.0
20040502,1.0
20040503,1.0
20040504,1.0
20040505,1.0
20040506,1.0
20040507,1.0
20040508,1.0
20040509,1.0
20040510,1.0
20040511,1.0
20040512,1.0
20040513,1.0
20040514,1.0
20040515,1.0
20040516,1.0
20040517,1.0
20040518,1.0
20040519,1.0
20040520,1.0
20040521,1.0
20040522,1.0
20040523,1.0
20040524,1.0
20040525,1.0
20040526,1.0
20040527,1.0
20040528,1.0
20040529,1.0
20040530,1.0
20040531,1.0
20040601,1.0
20040602,1.0
20040603,1.0
20040604,1.0
20040605,1.0
20040606,1.0
20040607,1.0
20040608,1.0
20040609,1.0
20040610,1.0
20040611,1.0
20040612,1.0
20040613,1.0
20040614,1.0
20040615,1.0
20040616,1.0
20040617,1.0
20040618,1.0
20040619,1.0
20040620,1.0
20040621,1.0
20040622,1.0
20040623,1.0
20040624,1.0
20040625,1.0
20040626,1.0
20040627,1.0
20040628,1.0
20040629,1.0
20040630,1.25
20040701,1.25
20040702,1.25
20040703,1.25
20040704,1.25
20040705,1.25
20040706,1.25
20040707,1.25
20040708,1.25
20040709,1.25
20040710,1.25
20040711,1.25
20040712,1.25
20040713,1.25
20040714,1.25
20040715,1.25
20040716,1.25
20040717,1.25
20040718,1.25
20040719,1.25
20040720,1.25
20040721,1.25
20040722,1.25
20040723,1.25
20040724,1.25
20040725,1.25
20040726,1.25
20040727,1.25
20040728,1.25
20040729,1.25
20040730,1.25
20040731,1.25
20040801,1.25
20040802,1.25
20040803,1.25
20040804,1.25
20040805,1.25
20040806,1.25
20040807,1.25
20040808,1.25
20040809,1.25
20040810,1.5
20040811,1.5
20040812,1.5
20040813,1.5
20040814,1.5
20040815,1.5
20040816,1.5
20040817,1.5
20040818,1.5
20040819,1.5
20040820,1.5
20040821,1.5
20040822,1.5
20040823,1.5
20040824,1.5
20040825,1.5
20040826,1.5
20040827,1.5
20040828,1.5
20040829,1.5
20040830,1.5
20040831,1.5
20040901,1.5
20040902,1.5
20040903,1.5
20040904,1.5
20040905,1.5
20040906,1.5
20040907,1.5
20040908,1.5
20040909,1.5
20040910,1.5
20040911,1.5
20040912,1.5
20040913,1.5
20040914,1.5
20040915,1.5
20040916,1.5
20040917,1.5
20040918,1.5
20040919,1.5
20040920,1.5
20040921,1.75
20040922,1.75
20040923,1.75
20040924,1.75
20040925,1.75
20040926,1.75
20040927,1.75
20040928,1.75
20040929,1.75
20040930,1.75
20041001,1.75
20041002,1.75
20041003,1.75
20041004,1.75
20041005,1.75
20041006,1.75
20041007,1.75
20041008,1.75
20041009,1.75
20041010,1.75
20041011,1.75
20041012,1.75
20041013,1.75
20041014,1.75
20041015,1.75
20041016,1.75
20041017,1.75
20041018,1.75
20041019,1.75
20041020,1.75
20041021,1.75
20041022,1.75
20041023,1.75
20041024,1.75
20041025,1.75
20041026,1.75
20041027,1.75
20041028,1.75
20041029,1.75
20041030,1.75
20041031,1.75
20041101,1.75
20041102,1.75
20041103,1.75
20041104,1.75
20041105,1.75
20041106,1.75
20041107,1.75
20041108,1.75
20041109,1.75
20041110,2.0
20041111,2.0
20041112,2.0
20041113,2.0
20041114,2.0
20041115,2.0
20041116,2.0
20041117,2.0
20041118,2.0
20041119,2.0
20041120,2.0
20041121,2.0
20041122,2.0
20041123,2.0
20041124,2.0
20041125,2.0
20041126,2.0
20041127,2.0
20041128,2.0
20041129,2.0
20041130,2.0
20041201,2.0
20041202,2.0
20041203,2.0
20041204,2.0
20041205,2.0
20041206,2.0
20041207,2.0
20041208,2.0
20041209,2.0
20041210,2.0
20041211,2.0
20041212,2.0
20041213,2.0
20041214,2.25
20041215,2.25
20041216,2.25
20041217,2.25
20041218,2.25
20041219,2.25
20041220,2.25
20041221,2.25
20041222,2.25
20041223,2.25
20041224,2.25
20041225,2.25
20041226,2.25
20041227,2.25
20041228,2.25
20041229,2.25
20041230,2.25
20041231,2.25
20050101,2.25
20050102,2.25
20050103,2.25
20050104,2.25
20050105,2.25
20050106,2.25
20050107,2.25
20050108,2.25
20050109,2.25
20050110,2.25
20050111,2.25
20050112,2.25
20050113,2.25
20050114,2.25
20050115,2.25
20050116,2.25
20050117,2.25
20050118,2.25
20050119,2.25
20050120,2.25
20050121,2.25
20050122,2.25
20050123,2.25
20050124,2.25
20050125,2.25
20050126,2.25
20050127,2.25
20050128,2.25
20050129,2.25
20050130,2.25
20050131,2.25
20050201,2.25
20050202,2.5
20050203,2.5
20050204,2.5
20050205,2.5
20050206,2.5
20050207,2.5
20050208,2.5
20050209,2.5
20050210,2.5
20050211,2.5
20050212,2.5
20050213,2.5
20050214,2.5
20050215,2.5
20050216,2.5
20050217,2.5
20050218,2.5
20050219,2.5
20050220,2.5
20050221,2.5
20050222,2.5
20050223,2.5
20050224,2.5
20050225,2.5
20050226,2.5
20050227,2.5
20050228,2.5
20050301,2.5
20050302,2.5
20050303,2.5
20050304,2.5
20050305,2.5
20050306,2.5
20050307,2.5
20050308,2.5
20050309,2.5
20050310,2.5
20050311,2.5
20050312,2.5
20050313,2.5
20050314,2.5
20050315,2.5
20050316,2.5
20050317,2.5
20050318,2.5
20050319,2.5
20050320,2.5
20050321,2.5
20050322,2.75
20050323,2.75
20050324,2.75
20050325,2.75
20050326,2.75
20050327,2.75
20050328,2.75
20050329,2.75
20050330,2.75
20050331,2.75
20050401,2.75
20050402,2.75
20050403,2.75
20050404,2.75
20050405,2.75
20050406,2.75
20050407,2.75
20050408,2.75
20050409,2.75
20050410,2.75
20050411,2.75
20050412,2.75
20050413,2.75
20050414,2.75
20050415,2.75
20050416,2.75
20050417,2.75
20050418,2.75
20050419,2.75
20050420,2.75
20050421,2.75
20050422,2.75
20050423,2.75
20050424,2.75
20050425,2.75
20050426,2.75
20050427,2.75
20050428,2.75
20050429,2.75
20050430,2.75
20050501,2.75
20050502,2.75
20050503,3.0
20050504,3.0
20050505,3.0
20050506,3.0
20050507,3.0
20050508,3.0
20050509,3.0
20050510,3.0
20050511,3.0
20050512,3.0
20050513,3.0
20050514,3.0
20050515,3.0
20050516,3.0
20050517,3.0
20050518,3.0
20050519,3.0
20050520,3.0
20050521,3.0
20050522,3.0
20050523,3.0
20050524,3.0
20050525,3.0
20050526,3.0
20050527,3.0
20050528,3.0
20050529,3.0
20050530,3.0
20050531,3.0
20050601,3.0
20050602,3.0
20050603,3.0
20050604,3.0
20050605,3.0
20050606,3.0
20050607,3.0
20050608,3.0
20050609,3.0
20050610,3.0
20050611,3.0
20050612,3.0
20050613,3.0
20050614,3.0
20050615,3.0
20050616,3.0
20050617,3.0
20050618,3.0
20050619,3.0
20050620,3.0
20050621,3.0
20050622,3.0
20050623,3.0
20050624,3.0
20050625,3.0
20050626,3.0
20050627,3.0
20050628,3.0
20050629,3.0
20050630,3.25
20050701,3.25
20050702,3.25
20050703,3.25
20050704,3.25
20050705,3.25
20050706,3.25
20050707,3.25
20050708,3.25
20050709,3.25
20050710,3.25
20050711,3.25
20050712,3.25
20050713,3.25
20050714,3.25
20050715,3.25
20050716,3.25
20050717,3.25
20050718,3.25
20050719,3.25
20050720,3.25
20050721,3.25
20050722,3.25
20050723,3.25
20050724,3.25
20050725,3.25
20050726,3.25
20050727,3.25
20050728,3.25
20050729,3.25
20050730,3.25
20050731,3.25
20050801,3.25
20050802,3.25
20050803,3.25
20050804,3.25
20050805,3.25
20050806,3.25
20050807,3.25
20050808,3.25
20050809,3.5
20050810,3.5
20050811,3.5
20050812,3.5
20050813,3.5
20050814,3.5
20050815,3.5
20050816,3.5
20050817,3.5
20050818,3.5
20050819,3.5
20050820,3.5
20050821,3.5
20050822,3.5
20050823,3.5
20050824,3.5
20050825,3.5
20050826,3.5
20050827,3.5
20050828,3.5
20050829,3.5
20050830,3.5
20050831,3.5
20050901,3.5
20050902,3.5
20050903,3.5
20050904,3.5
20050905,3.5
20050906,3.5
20050907,3.5
20050908,3.5
20050909,3.5
20050910,3.5
20050911,3.5
20050912,3.5
20050913,3.5
20050914,3.5
20050915,3.5
20050916,3.5
20050917,3.5
20050918,3.5
20050919,3.5
20050920,3.75
20050921,3.75
20050922,3.75
20050923,3.75
20050924,3.75
20050925,3.75
20050926,3.75
20050927,3.75
20050928,3.75
20050929,3.75
20050930,3.75
20051001,3.75
20051002,3.75
20051003,3.75
20051004,3.75
20051005,3.75
20051006,3.75
20051007,3.75
20051008,3.75
20051009,3.75
20051010,3.75
20051011,3.75
20051012,3.75
20051013,3.75
20051014,3.75
20051015,3.75
20051016,3.75
20051017,3.75
20051018,3.75
20051019,3.75
20051020,3.75
20051021,3.75
20051022,3.75
20051023,3.75
20051024,3.75
20051025,3.75
20051026,3.75
20051027,3.75
20051028,3.75
20051029,3.75
20051030,3.75
20051031,3.75
20051101,4.0
20051102,4.0
20051103,4.0
20051104,4.0
20051105,4.0
20051106,4.0
20051107,4.0
20051108,4.0
20051109,4.0
20051110,4.0
20051111,4.0
20051112,4.0
20051113,4.0
20051114,4.0
20051115,4.0
20051116,4.0
20051117,4.0
20051118,4.0
20051119,4.0
20051120,4.0
20051121,4.0
20051122,4.0
20051123,4.0
20051124,4.0
20051125,4.0
20051126,4.0
20051127,4.0
20051128,4.0
20051129,4.0
20051130,4.0
20051201,4.0
20051202,4.0
20051203,4.0
20051204,4.0
20051205,4.0
20051206,4.0
20051207,4.0
20051208,4.0
20051209,4.0
20051210,4.0
20051211,4.0
20051212,4.0
20051213,4.25
20051214,4.25
20051215,4.25
20051216,4.25
20051217,4.25
20051218,4.25
20051219,4.25
20051220,4.25
20051221,4.25
20051222,4.25
20051223,4.25
20051224,4.25
20051225,4.25
20051226,4.25
20051227,4.25
20051228,4.25
20051229,4.25
20051230,4.25
20051231,4.25
20060101,4.25
20060102,4.25
20060103,4.25
20060104,4.25
20060105,4.25
20060106,4.25
20060107,4.25
20060108,4.25
20060109,4.25
20060110,4.25
20060111,4.25
20060112,4.25
20060113,4.25
20060114,4.25
20060115,4.25
20060116,4.25
20060117,4.25
20060118,4.25
20060119,4.25
20060120,4.25
20060121,4.25
20060122,4.25
20060123,4.25
20060124,4.25
20060125,4.25
20060126,4.25
20060127,4.25
20060128,4.25
20060129,4.25
20060130,4.25
20060131,4.5
20060201,4.5
20060202,4.5
20060203,4.5
20060204,4.5
20060205,4.5
20060206,4.5
20060207,4.5
20060208,4.5
20060209,4.5
20060210,4.5
20060211,4.5
20060212,4.5
20060213,4.5
20060214,4.5
20060215,4.5
20060216,4.5
20060217,4.5
20060218,4.5
20060219,4.5
20060220,4.5
20060221,4.5
20060222,4.5
20060223,4.5
20060224,4.5
20060225,4.5
20060226,4.5
20060227,4.5
20060228,4.5
20060301,4.5
20060302,4.5
20060303,4.5
20060304,4.5
20060305,4.5
20060306,4.5
20060307,4.5
20060308,4.5
20060309,4.5
20060310,4.5
20060311,4.5
20060312,4.5
20060313,4.5
20060314,4.5
20060315,4.5
20060316,4.5
20060317,4.5
20060318,4.5
20060319,4.5
20060320,4.5
20060321,4.5
20060322,4.5
20060323,4.5
20060324,4.5
20060325,4.5
20060326,4.5
20060327,4.5
20060328,4.75
20060329,4.75
20060330,4.75
20060331,4.75
20060401,4.75
20060402,4.75
20060403,4.75
20060404,4.75
20060405,4.75
20060406,4.75
20060407,4.75
20060408,4.75
20060409,4.75
20060410,4.75
20060411,4.75
20060412,4.75
20060413,4.75
20060414,4.75
20060415,4.75
20060416,4.75
20060417,4.75
20060418,4.75
20060419,4.75
20060420,4.75
20060421,4.75
20060422,4.75
20060423,4.75
20060424,4.75
20060425,4.75
20060426,4.75
20060427,4.75
20060428,4.75
20060429,4.75
20060430,4.75
20060501,4.75
20060502,4.75
20060503,4.75
20060504,4.75
20060505,4.75
20060506,4.75
20060507,4.75
20060508,4.75
20060509,4.75
20060510,5.0
20060511,5.0
20060512,5.0
20060513,5.0
20060514,5.0
20060515,5.0
20060516,5.0
20060517,5.0
20060518,5.0
20060519,5.0
20060520,5.0
20060521,5.0
20060522,5.0
20060523,5.0
20060524,5.0
20060525,5.0
20060526,5.0
20060527,5.0
20060528,5.0
20060529,5.0
20060530,5.0
20060531,5.0
20060601,5.0
20060602,5.0
20060603,5.0
20060604,5.0
20060605,5.0
20060606,5.0
20060607,5.0
20060608,5.0
20060609,5.0
20060610,5.0
20060611,5.0
20060612,5.0
20060613,5.0
20060614,5.0
20060615,5.0
20060616,5.0
20060617,5.0
20060618,5.0
20060619,5.0
20060620,5.0
20060621,5.0
20060622,5.0
20060623,5.0
20060624,5.0
20060625,5.0
20060626,5.0
20060627,5.0
20060628,5.0
20060629,5.25
20060630,5.25
20060701,5.25
20060702,5.25
20060703,5.25
20060704,5.25
20060705,5.25
20060706,5.25
20060707,5.25
20060708,5.25
20060709,5.25
20060710,5.25
20060711,5.25
20060712,5.25
20060713,5.25
20060714,5.25
20060715,5.25
20060716,5.25
20060717,5.25
20060718,5.25
20060719,5.25
20060720,5.25
20060721,5.25
20060722,5.25
20060723,5.25
20060724,5.25
20060725,5.25
20060726,5.25
20060727,5.25
20060728,5.25
20060729,5.25
20060730,5.25
20060731,5.25
20060801,5.25
20060802,5.25
20060803,5.25
20060804,5.25
20060805,5.25
20060806,5.25
20060807,5.25
20060808,5.25
20060809,5.25
20060810,5.25
20060811,5.25
20060812,5.25
20060813,5.25
20060814,5.25
20060815,5.25
20060816,5.25
20060817,5.25
20060818,5.25
20060819,5.25
20060820,5.25
20060821,5.25
20060822,5.25
20060823,5.25
20060824,5.25
20060825,5.25
20060826,5.25
20060827,5.25
20060828,5.25
20060829,5.25
20060830,5.25
20060831,5.25
20060901,5.25
20060902,5.25
20060903,5.25
20060904,5.25
20060905,5.25
20060906,5.25
20060907,5.25
20060908,5.25
20060909,5.25
20060910,5.25
20060911,5.25
20060912,5.25
20060913,5.25
20060914,5.25
20060915,5.25
20060916,5.25
20060917,5.25
20060918,5.25
20060919,5.25
20060920,5.25
20060921,5.25
20060922,5.25
20060923,5.25
20060924,5.25
20060925,5.25
20060926,5.25
20060927,5.25
20060928,5.25
20060929,5.25
20060930,5.25
20061001,5.25
20061002,5.25
20061003,5.25
20061004,5.25
20061005,5.25
20061006,5.25
20061007,5.25
20061008,5.25
20061009,5.25
20061010,5.25
20061011,5.25
20061012,5.25
20061013,5.25
20061014,5.25
20061015,5.25
20061016,5.25
20061017,5.25
20061018,5.25
20061019,5.25
20061020,5.25
20061021,5.25
20061022,5.25
20061023,5.25
20061024,5.25
20061025,5.25
20061026,5.25
20061027,5.25
20061028,5.25
20061029,5.25
20061030,5.25
20061031,5.25
20061101,5.25
20061102,5.25
20061103,5.25
20061104,5.25
20061105,5.25
20061106,5.25
20061107,5.25
20061108,5.25
20061109,5.25
20061110,5.25
20061111,5.25
20061112,5.25
20061113,5.25
20061114,5.25
20061115,5.25
20061116,5.25
20061117,5.25
20061118,5.25
20061119,5.25
20061120,5.25
20061121,5.25
20061122,5.25
20061123,5.25
20061124,5.25
20061125,5.25
20061126,5.25
20061127,5.25
20061128,5.25
20061129,5.25
20061130,5.25
20061201,5.25
20061202,5.25
20061203,5.25
20061204,5.25
20061205,5.25
20061206,5.25
20061207,5.25
20061208,5.25
20061209,5.25
20061210,5.25
20061211,5.25
20061212,5.25
20061213,5.25
20061214,5.25
20061215,5.25
20061216,5.25
20061217,5.25
20061218,5.25
20061219,5.25
20061220,5.25
20061221,5.25
20061222,5.25
20061223,5.25
20061224,5.25
20061225,5.25
20061226,5.25
20061227,5.25
20061228,5.25
20061229,5.25
20061230,5.25
20061231,5.25
20070101,5.25
20070102,5.25
20070103,5.25
20070104,5.25
20070105,5.25
20070106,5.25
20070107,5.25
20070108,5.25
20070109,5.25
20070110,5.25
20070111,5.25
20070112,5.25
20070113,5.25
20070114,5.25
20070115,5.25
20070116,5.25
20070117,5.25
20070118,5.25
20070119,5.25
20070120,5.25
20070121,5.25
20070122,5.25
20070123,5.25
20070124,5.25
20070125,5.25
20070126,5.25
20070127,5.25
20070128,5.25
20070129,5.25
20070130,5.25
20070131,5.25
20070201,5.25
20070202,5.25
20070203,5.25
20070204,5.25
20070205,5.25
20070206,5.25
20070207,5.25
20070208,5.25
20070209,5.25
20070210,5.25
20070211,5.25
20070212,5.25
20070213,5.25
20070214,5.25
20070215,5.25
20070216,5.25
20070217,5.25
20070218,5.25
20070219,5.25
20070220,5.25
20070221,5.25
20070222,5.25
20070223,5.25
20070224,5.25
20070225,5.25
20070226,5.25
20070227,5.25
20070228,5.25
20070301,5.25
20070302,5.25
20070303,5.25
20070304,5.25
20070305,5.25
20070306,5.25
20070307,5.25
20070308,5.25
20070309,5.25
20070310,5.25
20070311,5.25
20070312,5.25
20070313,5.25
20070314,5.25
20070315,5.25
20070316,5.25
20070317,5.25
20070318,5.25
20070319,5.25
20070320,5.25
20070321,5.25
20070322,5.25
20070323,5.25
20070324,5.25
20070325,5.25
20070326,5.25
20070327,5.25
20070328,5.25
20070329,5.25
20070330,5.25
20070331,5.25
20070401,5.25
20070402,5.25
20070403,5.25
20070404,5.25
20070405,5.25
20070406,5.25
20070407,5.25
20070408,5.25
20070409,5.25
20070410,5.25
20070411,5.25
20070412,5.25
20070413,5.25
20070414,5.25
20070415,5.25
20070416,5.25
20070417,5.25
20070418,5.25
20070419,5.25
20070420,5.25
20070421,5.25
20070422,5.25
20070423,5.25
20070424,5.25
20070425,5.25
20070426,5.25
20070427,5.25
20070428,5.25
20070429,5.25
20070430,5.25
20070501,5.25
20070502,5.25
20070503,5.25
20070504,5.25
20070505,5.25
20070506,5.25
20070507,5.25
20070508,5.25
20070509,5.25
20070510,5.25
20070511,5.25
20070512,5.25
20070513,5.25
20070514,5.25
20070515,5.25
20070516,5.25
20070517,5.25
20070518,5.25
20070519,5.25
20070520,5.25
20070521,5.25
20070522,5.25
20070523,5.25
20070524,5.25
20070525,5.25
20070526,5.25
20070527,5.25
20070528,5.25
20070529,5.25
20070530,5.25
20070531,5.25
20070601,5.25
20070602,5.25
20070603,5.25
20070604,5.25
20070605,5.25
20070606,5.25
20070607,5.25
20070608,5.25
20070609,5.25
20070610,5.25
20070611,5.25
20070612,5.25
20070613,5.25
20070614,5.25
20070615,5.25
20070616,5.25
20070617,5.25
20070618,5.25
20070619,5.25
20070620,5.25
20070621,5.25
20070622,5.25
20070623,5.25
20070624,5.25
20070625,5.25
20070626,5.25
20070627,5.25
20070628,5.25
20070629,5.25
20070630,5.25
20070701,5.25
20070702,5.25
20070703,5.25
20070704,5.25
20070705,5.25
20070706,5.25
20070707,5.25
20070708,5.25
20070709,5.25
20070710,5.25
20070711,5.25
20070712,5.25
20070713,5.25
20070714,5.25
20070715,5.25
20070716,5.25
20070717,5.25
20070718,5.25
20070719,5.25
20070720,5.25
20070721,5.25
20070722,5.25
20070723,5.25
20070724,5.25
20070725,5.25
20070726,5.25
20070727,5.25
20070728,5.25
20070729,5.25
20070730,5.25
20070731,5.25
20070801,5.25
20070802,5.25
20070803,5.25
20070804,5.25
20070805,5.25
20070806,5.25
20070807,5.25
20070808,5.25
20070809,5.25
20070810,5.25
20070811,5.25
20070812,5.25
20070813,5.25
20070814,5.25
20070815,5.25
20070816,5.25
20070817,5.25
20070818,5.25
20070819,5.25
20070820,5.25
20070821,5.25
20070822,5.25
20070823,5.25
20070824,5.25
20070825,5.25
20070826,5.25
20070827,5.25
20070828,5.25
20070829,5.25
20070830,5.25
20070831,5.25
20070901,5.25
20070902,5.25
20070903,5.25
20070904,5.25
20070905,5.25
20070906,5.25
20070907,5.25
20070908,5.25
20070909,5.25
20070910,5.25
20070911,5.25
20070912,5.25
20070913,5.25
20070914,5.25
20070915,5.25
20070916,5.25
20070917,5.25
20070918,4.75
20070919,4.75
20070920,4.75
20070921,4.75
20070922,4.75
20070923,4.75
20070924,4.75
20070925,4.75
20070926,4.75
20070927,4.75
20070928,4.75
20070929,4.75
20070930,4.75
20071001,4.75
20071002,4.75
20071003,4.75
20071004,4.75
20071005,4.75
20071006,4.75
20071007,4.75
20071008,4.75
20071009,4.75
20071010,4.75
20071011,4.75
20071012,4.75
20071013,4.75
20071014,4.75
20071015,4.75
20071016,4.75
20071017,4.75
20071018,4.75
20071019,4.75
20071020,4.75
20071021,4.75
20071022,4.75
20071023,4.75
20071024,4.75
20071025,4.75
20071026,4.75
20071027,4.75
20071028,4.75
20071029,4.75
20071030,4.75
20071031,4.5
20071101,4.5
20071102,4.5
20071103,4.5
20071104,4.5
20071105,4.5
20071106,4.5
20071107,4.5
20071108,4.5
20071109,4.5
20071110,4.5
20071111,4.5
20071112,4.5
20071113,4.5
20071114,4.5
20071115,4.5
20071116,4.5
20071117,4.5
20071118,4.5
20071119,4.5
20071120,4.5
20071121,4.5
20071122,4.5
20071123,4.5
20071124,4.5
20071125,4.5
20071126,4.5
20071127,4.5
20071128,4.5
20071129,4.5
20071130,4.5
20071201,4.5
20071202,4.5
20071203,4.5
20071204,4.5
20071205,4.5
20071206,4.5
20071207,4.5
20071208,4.5
20071209,4.5
20071210,4.5
20071211,4.25
20071212,4.25
20071213,4.25
20071214,4.25
20071215,4.25
20071216,4.25
20071217,4.25
20071218,4.25
20071219,4.25
20071220,4.25
20071221,4.25
20071222,4.25
20071223,4.25
20071224,4.25
20071225,4.25
20071226,4.25
20071227,4.25
20071228,4.25
20071229,4.25
20071230,4.25
20071231,4.25
20080101,4.25
20080102,4.25
20080103,4.25
20080104,4.25
20080105,4.25
20080106,4.25
20080107,4.25
20080108,4.25
20080109,4.25
20080110,4.25
20080111,4.25
20080112,4.25
20080113,4.25
20080114,4.25
20080115,4.25
20080116,4.25
20080117,4.25
20080118,4.25
20080119,4.25
20080120,4.25
20080121,4.25
20080122,3.5
20080123,3.5
20080124,3.5
20080125,3.5
20080126,3.5
20080127,3.5
20080128,3.5
20080129,3.5
20080130,3.0
20080131,3.0
20080201,3.0
20080202,3.0
20080203,3.0
20080204,3.0
20080205,3.0
20080206,3.0
20080207,3.0
20080208,3.0
20080209,3.0
20080210,3.0
20080211,3.0
20080212,3.0
20080213,3.0
20080214,3.0
20080215,3.0
20080216,3.0
20080217,3.0
20080218,3.0
20080219,3.0
20080220,3.0
20080221,3.0
20080222,3.0
20080223,3.0
20080224,3.0
20080225,3.0
20080226,3.0
20080227,3.0
20080228,3.0
20080229,3.0
20080301,3.0
20080302,3.0
20080303,3.0
20080304,3.0
20080305,3.0
20080306,3.0
20080307,3.0
20080308,3.0
20080309,3.0
20080310,3.0
20080311,3.0
20080312,3.0
20080313,3.0
20080314,3.0
20080315,3.0
20080316,3.0
20080317,3.0
20080318,2.25
20080319,2.25
20080320,2.25
20080321,2.25
20080322,2.25
20080323,2.25
20080324,2.25
20080325,2.25
20080326,2.25
20080327,2.25
20080328,2.25
20080329,2.25
20080330,2.25
20080331,2.25
20080401,2.25
20080402,2.25
20080403,2.25
20080404,2.25
20080405,2.25
20080406,2.25
20080407,2.25
20080408,2.25
20080409,2.25
20080410,2.25
20080411,2.25
20080412,2.25
20080413,2.25
20080414,2.25
20080415,2.25
20080416,2.25
20080417,2.25
20080418,2.25
20080419,2.25
20080420,2.25
20080421,2.25
20080422,2.25
20080423,2.25
20080424,2.25
20080425,2.25
20080426,2.25
20080427,2.25
20080428,2.25
20080429,2.25
20080430,2.0
20080501,2.0
20080502,2.0
20080503,2.0
20080504,2.0
20080505,2.0
20080506,2.0
20080507,2.0
20080508,2.0
20080509,2.0
20080510,2.0
20080511,2.0
20080512,2.0
20080513,2.0
20080514,2.0
20080515,2.0
20080516,2.0
20080517,2.0
20080518,2.0
20080519,2.0
20080520,2.0
20080521,2.0
20080522,2.0
20080523,2.0
20080524,2.0
20080525,2.0
20080526,2.0
20080527,2.0
20080528,2.0
20080529,2.0
20080530,2.0
20080531,2.0
20080601,2.0
20080602,2.0
20080603,2.0
20080604,2.0
20080605,2.0
20080606,2.0
20080607,2.0
20080608,2.0
20080609,2.0
20080610,2.0
20080611,2.0
20080612,2.0
20080613,2.0
20080614,2.0
20080615,2.0
20080616,2.0
20080617,2.0
20080618,2.0
20080619,2.0
20080620,2.0
20080621,2.0
20080622,2.0
20080623,2.0
20080624,2.0
20080625,2.0
20080626,2.0
20080627,2.0
20080628,2.0
20080629,2.0
20080630,2.0
20080701,2.0
20080702,2.0
20080703,2.0
20080704,2.0
20080705,2.0
20080706,2.0
20080707,2.0
20080708,2.0
20080709,2.0
20080710,2.0
20080711,2.0
20080712,2.0
20080713,2.0
20080714,2.0
20080715,2.0
20080716,2.0
20080717,2.0
20080718,2.0
20080719,2.0
20080720,2.0
20080721,2.0
20080722,2.0
20080723,2.0
20080724,2.0
20080725,2.0
20080726,2.0
20080727,2.0
20080728,2.0
20080729,2.0
20080730,2.0
20080731,2.0
20080801,2.0
20080802,2.0
20080803,2.0
20080804,2.0
20080805,2.0
20080806,2.0
20080807,2.0
20080808,2.0
20080809,2.0
20080810,2.0
20080811,2.0
20080812,2.0
20080813,2.0
20080814,2.0
20080815,2.0
20080816,2.0
20080817,2.0
20080818,2.0
20080819,2.0
20080820,2.0
20080821,2.0
20080822,2.0
20080823,2.0
20080824,2.0
20080825,2.0
20080826,2.0
20080827,2.0
20080828,2.0
20080829,2.0
20080830,2.0
20080831,2.0
20080901,2.0
20080902,2.0
20080903,2.0
20080904,2.0
20080905,2.0
20080906,2.0
20080907,2.0
20080908,2.0
20080909,2.0
20080910,2.0
20080911,2.0
20080912,2.0
20080913,2.0
20080914,2.0
20080915,2.0
20080916,2.0
20080917,2.0
20080918,2.0
20080919,2.0
20080920,2.0
20080921,2.0
20080922,2.0
20080923,2.0
20080924,2.0
20080925,2.0
20080926,2.0
20080927,2.0
20080928,2.0
20080929,2.0
20080930,2.0
20081001,2.0
20081002,2.0
20081003,2.0
20081004,2.0
20081005,2.0
20081006,2.0
20081007,2.0
20081008,1.5
20081009,1.5
20081010,1.5
20081011,1.5
20081012,1.5
20081013,1.5
20081014,1.5
20081015,1.5
20081016,1.5
20081017,1.5
20081018,1.5
20081019,1.5
20081020,1.5
20081021,1.5
20081022,1.5
20081023,1.5
20081024,1.5
20081025,1.5
20081026,1.5
20081027,1.5
20081028,1.5
20081029,1.0
20081030,1.0
20081031,1.0
20081101,1.0
20081102,1.0
20081103,1.0
20081104,1.0
20081105,1.0
20081106,1.0
20081107,1.0
20081108,1.0
20081109,1.0
20081110,1.0
20081111,1.0
20081112,1.0
20081113,1.0
20081114,1.0
20081115,1.0
20081116,1.0
20081117,1.0
20081118,1.0
20081119,1.0
20081120,1.0
20081121,1.0
20081122,1.0
20081123,1.0
20081124,1.0
20081125,1.0
20081126,1.0
20081127,1.0
20081128,1.0
20081129,1.0
20081130,1.0
20081201,1.0
