date,DFEDTARU
20081216,0.0
20081217,0.25
20081218,0.25
20081219,0.25
20081220,0.25
20081221,0.25
20081222,0.25
20081223,0.25
20081224,0.25
20081225,0.25
20081226,0.25
20081227,0.25
20081228,0.25
20081229,0.25
20081230,0.25
20081231,0.25
20090101,0.25
20090102,0.25
20090103,0.25
20090104,0.25
20090105,0.25
20090106,0.25
20090107,0.25
20090108,0.25
20090109,0.25
20090110,0.25
20090111,0.25
20090112,0.25
20090113,0.25
20090114,0.25
20090115,0.25
20090116,0.25
20090117,0.25
20090118,0.25
20090119,0.25
20090120,0.25
20090121,0.25
20090122,0.25
20090123,0.25
20090124,0.25
20090125,0.25
20090126,0.25
20090127,0.25
20090128,0.25
20090129,0.25
20090130,0.25
20090131,0.25
20090201,0.25
20090202,0.25
20090203,0.25
20090204,0.25
20090205,0.25
20090206,0.25
20090207,0.25
20090208,0.25
20090209,0.25
20090210,0.25
20090211,0.25
20090212,0.25
20090213,0.25
20090214,0.25
20090215,0.25
20090216,0.25
20090217,0.25
20090218,0.25
20090219,0.25
20090220,0.25
20090221,0.25
20090222,0.25
20090223,0.25
20090224,0.25
20090225,0.25
20090226,0.25
20090227,0.25
20090228,0.25
20090301,0.25
20090302,0.25
20090303,0.25
20090304,0.25
20090305,0.25
20090306,0.25
20090307,0.25
20090308,0.25
20090309,0.25
20090310,0.25
20090311,0.25
20090312,0.25
20090313,0.25
20090314,0.25
20090315,0.25
20090316,0.25
20090317,0.25
20090318,0.25
20090319,0.25
20090320,0.25
20090321,0.25
20090322,0.25
20090323,0.25
20090324,0.25
20090325,0.25
20090326,0.25
20090327,0.25
20090328,0.25
20090329,0.25
20090330,0.25
20090331,0.25
20090401,0.25
20090402,0.25
20090403,0.25
20090404,0.25
20090405,0.25
20090406,0.25
20090407,0.25
20090408,0.25
20090409,0.25
20090410,0.25
20090411,0.25
20090412,0.25
20090413,0.25
20090414,0.25
20090415,0.25
20090416,0.25
20090417,0.25
20090418,0.25
20090419,0.25
20090420,0.25
20090421,0.25
20090422,0.25
20090423,0.25
20090424,0.25
20090425,0.25
20090426,0.25
20090427,0.25
20090428,0.25
20090429,0.25
20090430,0.25
20090501,0.25
20090502,0.25
20090503,0.25
20090504,0.25
20090505,0.25
20090506,0.25
20090507,0.25
20090508,0.25
20090509,0.25
20090510,0.25
20090511,0.25
20090512,0.25
20090513,0.25
20090514,0.25
20090515,0.25
20090516,0.25
20090517,0.25
20090518,0.25
20090519,0.25
20090520,0.25
20090521,0.25
20090522,0.25
20090523,0.25
20090524,0.25
20090525,0.25
20090526,0.25
20090527,0.25
20090528,0.25
20090529,0.25
20090530,0.25
20090531,0.25
20090601,0.25
20090602,0.25
20090603,0.25
20090604,0.25
20090605,0.25
20090606,0.25
20090607,0.25
20090608,0.25
20090609,0.25
20090610,0.25
20090611,0.25
20090612,0.25
20090613,0.25
20090614,0.25
20090615,0.25
20090616,0.25
20090617,0.25
20090618,0.25
20090619,0.25
20090620,0.25
20090621,0.25
20090622,0.25
20090623,0.25
20090624,0.25
20090625,0.25
20090626,0.25
20090627,0.25
20090628,0.25
20090629,0.25
20090630,0.25
20090701,0.25
20090702,0.25
20090703,0.25
20090704,0.25
20090705,0.25
20090706,0.25
20090707,0.25
20090708,0.25
20090709,0.25
20090710,0.25
20090711,0.25
20090712,0.25
20090713,0.25
20090714,0.25
20090715,0.25
20090716,0.25
20090717,0.25
20090718,0.25
20090719,0.25
20090720,0.25
20090721,0.25
20090722,0.25
20090723,0.25
20090724,0.25
20090725,0.25
20090726,0.25
20090727,0.25
20090728,0.25
20090729,0.25
20090730,0.25
20090731,0.25
20090801,0.25
20090802,0.25
20090803,0.25
20090804,0.25
20090805,0.25
20090806,0.25
20090807,0.25
20090808,0.25
20090809,0.25
20090810,0.25
20090811,0.25
20090812,0.25
20090813,0.25
20090814,0.25
20090815,0.25
20090816,0.25
20090817,0.25
20090818,0.25
20090819,0.25
20090820,0.25
20090821,0.25
20090822,0.25
20090823,0.25
20090824,0.25
20090825,0.25
20090826,0.25
20090827,0.25
20090828,0.25
20090829,0.25
20090830,0.25
20090831,0.25
20090901,0.25
20090902,0.25
20090903,0.25
20090904,0.25
20090905,0.25
20090906,0.25
20090907,0.25
20090908,0.25
20090909,0.25
20090910,0.25
20090911,0.25
20090912,0.25
20090913,0.25
20090914,0.25
20090915,0.25
20090916,0.25
20090917,0.25
20090918,0.25
20090919,0.25
20090920,0.25
20090921,0.25
20090922,0.25
20090923,0.25
20090924,0.25
20090925,0.25
20090926,0.25
20090927,0.25
20090928,0.25
20090929,0.25
20090930,0.25
20091001,0.25
20091002,0.25
20091003,0.25
20091004,0.25
20091005,0.25
20091006,0.25
20091007,0.25
20091008,0.25
20091009,0.25
20091010,0.25
20091011,0.25
20091012,0.25
20091013,0.25
20091014,0.25
20091015,0.25
20091016,0.25
20091017,0.25
20091018,0.25
20091019,0.25
20091020,0.25
20091021,0.25
20091022,0.25
20091023,0.25
20091024,0.25
20091025,0.25
20091026,0.25
20091027,0.25
20091028,0.25
20091029,0.25
20091030,0.25
20091031,0.25
20091101,0.25
20091102,0.25
20091103,0.25
20091104,0.25
20091105,0.25
20091106,0.25
20091107,0.25
20091108,0.25
20091109,0.25
20091110,0.25
20091111,0.25
20091112,0.25
20091113,0.25
20091114,0.25
20091115,0.25
20091116,0.25
20091117,0.25
20091118,0.25
20091119,0.25
20091120,0.25
20091121,0.25
20091122,0.25
20091123,0.25
20091124,0.25
20091125,0.25
20091126,0.25
20091127,0.25
20091128,0.25
20091129,0.25
20091130,0.25
20091201,0.25
20091202,0.25
20091203,0.25
20091204,0.25
20091205,0.25
20091206,0.25
20091207,0.25
20091208,0.25
20091209,0.25
20091210,0.25
20091211,0.25
20091212,0.25
20091213,0.25
20091214,0.25
20091215,0.25
20091216,0.25
20091217,0.25
20091218,0.25
20091219,0.25
20091220,0.25
20091221,0.25
20091222,0.25
20091223,0.25
20091224,0.25
20091225,0.25
20091226,0.25
20091227,0.25
20091228,0.25
20091229,0.25
20091230,0.25
20091231,0.25
20100101,0.25
20100102,0.25
20100103,0.25
20100104,0.25
20100105,0.25
20100106,0.25
20100107,0.25
20100108,0.25
20100109,0.25
20100110,0.25
20100111,0.25
20100112,0.25
20100113,0.25
20100114,0.25
20100115,0.25
20100116,0.25
20100117,0.25
20100118,0.25
20100119,0.25
20100120,0.25
20100121,0.25
20100122,0.25
20100123,0.25
20100124,0.25
20100125,0.25
20100126,0.25
20100127,0.25
20100128,0.25
20100129,0.25
20100130,0.25
20100131,0.25
20100201,0.25
20100202,0.25
20100203,0.25
20100204,0.25
20100205,0.25
20100206,0.25
20100207,0.25
20100208,0.25
20100209,0.25
20100210,0.25
20100211,0.25
20100212,0.25
20100213,0.25
20100214,0.25
20100215,0.25
20100216,0.25
20100217,0.25
20100218,0.25
20100219,0.25
20100220,0.25
20100221,0.25
20100222,0.25
20100223,0.25
20100224,0.25
20100225,0.25
20100226,0.25
20100227,0.25
20100228,0.25
20100301,0.25
20100302,0.25
20100303,0.25
20100304,0.25
20100305,0.25
20100306,0.25
20100307,0.25
20100308,0.25
20100309,0.25
20100310,0.25
20100311,0.25
20100312,0.25
20100313,0.25
20100314,0.25
20100315,0.25
20100316,0.25
20100317,0.25
20100318,0.25
20100319,0.25
20100320,0.25
20100321,0.25
20100322,0.25
20100323,0.25
20100324,0.25
20100325,0.25
20100326,0.25
20100327,0.25
20100328,0.25
20100329,0.25
20100330,0.25
20100331,0.25
20100401,0.25
20100402,0.25
20100403,0.25
20100404,0.25
20100405,0.25
20100406,0.25
20100407,0.25
20100408,0.25
20100409,0.25
20100410,0.25
20100411,0.25
20100412,0.25
20100413,0.25
20100414,0.25
20100415,0.25
20100416,0.25
20100417,0.25
20100418,0.25
20100419,0.25
20100420,0.25
20100421,0.25
20100422,0.25
20100423,0.25
20100424,0.25
20100425,0.25
20100426,0.25
20100427,0.25
20100428,0.25
20100429,0.25
20100430,0.25
20100501,0.25
20100502,0.25
20100503,0.25
20100504,0.25
20100505,0.25
20100506,0.25
20100507,0.25
20100508,0.25
20100509,0.25
20100510,0.25
20100511,0.25
20100512,0.25
20100513,0.25
20100514,0.25
20100515,0.25
20100516,0.25
20100517,0.25
20100518,0.25
20100519,0.25
20100520,0.25
20100521,0.25
20100522,0.25
20100523,0.25
20100524,0.25
20100525,0.25
20100526,0.25
20100527,0.25
20100528,0.25
20100529,0.25
20100530,0.25
20100531,0.25
20100601,0.25
20100602,0.25
20100603,0.25
20100604,0.25
20100605,0.25
20100606,0.25
20100607,0.25
20100608,0.25
20100609,0.25
20100610,0.25
20100611,0.25
20100612,0.25
20100613,0.25
20100614,0.25
20100615,0.25
20100616,0.25
20100617,0.25
20100618,0.25
20100619,0.25
20100620,0.25
20100621,0.25
20100622,0.25
20100623,0.25
20100624,0.25
20100625,0.25
20100626,0.25
20100627,0.25
20100628,0.25
20100629,0.25
20100630,0.25
20100701,0.25
20100702,0.25
20100703,0.25
20100704,0.25
20100705,0.25
20100706,0.25
20100707,0.25
20100708,0.25
20100709,0.25
20100710,0.25
20100711,0.25
20100712,0.25
20100713,0.25
20100714,0.25
20100715,0.25
20100716,0.25
20100717,0.25
20100718,0.25
20100719,0.25
20100720,0.25
20100721,0.25
20100722,0.25
20100723,0.25
20100724,0.25
20100725,0.25
20100726,0.25
20100727,0.25
20100728,0.25
20100729,0.25
20100730,0.25
20100731,0.25
20100801,0.25
20100802,0.25
20100803,0.25
20100804,0.25
20100805,0.25
20100806,0.25
20100807,0.25
20100808,0.25
20100809,0.25
20100810,0.25
20100811,0.25
20100812,0.25
20100813,0.25
20100814,0.25
20100815,0.25
20100816,0.25
20100817,0.25
20100818,0.25
20100819,0.25
20100820,0.25
20100821,0.25
20100822,0.25
20100823,0.25
20100824,0.25
20100825,0.25
20100826,0.25
20100827,0.25
20100828,0.25
20100829,0.25
20100830,0.25
20100831,0.25
20100901,0.25
20100902,0.25
20100903,0.25
20100904,0.25
20100905,0.25
20100906,0.25
20100907,0.25
20100908,0.25
20100909,0.25
20100910,0.25
20100911,0.25
20100912,0.25
20100913,0.25
20100914,0.25
20100915,0.25
20100916,0.25
20100917,0.25
20100918,0.25
20100919,0.25
20100920,0.25
20100921,0.25
20100922,0.25
20100923,0.25
20100924,0.25
20100925,0.25
20100926,0.25
20100927,0.25
20100928,0.25
20100929,0.25
20100930,0.25
20101001,0.25
20101002,0.25
20101003,0.25
20101004,0.25
20101005,0.25
20101006,0.25
20101007,0.25
20101008,0.25
20101009,0.25
20101010,0.25
20101011,0.25
20101012,0.25
20101013,0.25
20101014,0.25
20101015,0.25
20101016,0.25
20101017,0.25
20101018,0.25
20101019,0.25
20101020,0.25
20101021,0.25
20101022,0.25
20101023,0.25
20101024,0.25
20101025,0.25
20101026,0.25
20101027,0.25
20101028,0.25
20101029,0.25
20101030,0.25
20101031,0.25
20101101,0.25
20101102,0.25
20101103,0.25
20101104,0.25
20101105,0.25
20101106,0.25
20101107,0.25
20101108,0.25
20101109,0.25
20101110,0.25
20101111,0.25
20101112,0.25
20101113,0.25
20101114,0.25
20101115,0.25
20101116,0.25
20101117,0.25
20101118,0.25
20101119,0.25
20101120,0.25
20101121,0.25
20101122,0.25
20101123,0.25
20101124,0.25
20101125,0.25
20101126,0.25
20101127,0.25
20101128,0.25
20101129,0.25
20101130,0.25
20101201,0.25
20101202,0.25
20101203,0.25
20101204,0.25
20101205,0.25
20101206,0.25
20101207,0.25
20101208,0.25
20101209,0.25
20101210,0.25
20101211,0.25
20101212,0.25
20101213,0.25
20101214,0.25
20101215,0.25
20101216,0.25
20101217,0.25
20101218,0.25
20101219,0.25
20101220,0.25
20101221,0.25
20101222,0.25
20101223,0.25
20101224,0.25
20101225,0.25
20101226,0.25
20101227,0.25
20101228,0.25
20101229,0.25
20101230,0.25
20101231,0.25
20110101,0.25
20110102,0.25
20110103,0.25
20110104,0.25
20110105,0.25
20110106,0.25
20110107,0.25
20110108,0.25
20110109,0.25
20110110,0.25
20110111,0.25
20110112,0.25
20110113,0.25
20110114,0.25
20110115,0.25
20110116,0.25
20110117,0.25
20110118,0.25
20110119,0.25
20110120,0.25
20110121,0.25
20110122,0.25
20110123,0.25
20110124,0.25
20110125,0.25
20110126,0.25
20110127,0.25
20110128,0.25
20110129,0.25
20110130,0.25
20110131,0.25
20110201,0.25
20110202,0.25
20110203,0.25
20110204,0.25
20110205,0.25
20110206,0.25
20110207,0.25
20110208,0.25
20110209,0.25
20110210,0.25
20110211,0.25
20110212,0.25
20110213,0.25
20110214,0.25
20110215,0.25
20110216,0.25
20110217,0.25
20110218,0.25
20110219,0.25
20110220,0.25
20110221,0.25
20110222,0.25
20110223,0.25
20110224,0.25
20110225,0.25
20110226,0.25
20110227,0.25
20110228,0.25
20110301,0.25
20110302,0.25
20110303,0.25
20110304,0.25
20110305,0.25
20110306,0.25
20110307,0.25
20110308,0.25
20110309,0.25
20110310,0.25
20110311,0.25
20110312,0.25
20110313,0.25
20110314,0.25
20110315,0.25
20110316,0.25
20110317,0.25
20110318,0.25
20110319,0.25
20110320,0.25
20110321,0.25
20110322,0.25
20110323,0.25
20110324,0.25
20110325,0.25
20110326,0.25
20110327,0.25
20110328,0.25
20110329,0.25
20110330,0.25
20110331,0.25
20110401,0.25
20110402,0.25
20110403,0.25
20110404,0.25
20110405,0.25
20110406,0.25
20110407,0.25
20110408,0.25
20110409,0.25
20110410,0.25
20110411,0.25
20110412,0.25
20110413,0.25
20110414,0.25
20110415,0.25
20110416,0.25
20110417,0.25
20110418,0.25
20110419,0.25
20110420,0.25
20110421,0.25
20110422,0.25
20110423,0.25
20110424,0.25
20110425,0.25
20110426,0.25
20110427,0.25
20110428,0.25
20110429,0.25
20110430,0.25
20110501,0.25
20110502,0.25
20110503,0.25
20110504,0.25
20110505,0.25
20110506,0.25
20110507,0.25
20110508,0.25
20110509,0.25
20110510,0.25
20110511,0.25
20110512,0.25
20110513,0.25
20110514,0.25
20110515,0.25
20110516,0.25
20110517,0.25
20110518,0.25
20110519,0.25
20110520,0.25
20110521,0.25
20110522,0.25
20110523,0.25
20110524,0.25
20110525,0.25
20110526,0.25
20110527,0.25
20110528,0.25
20110529,0.25
20110530,0.25
20110531,0.25
20110601,0.25
20110602,0.25
20110603,0.25
20110604,0.25
20110605,0.25
20110606,0.25
20110607,0.25
20110608,0.25
20110609,0.25
20110610,0.25
20110611,0.25
20110612,0.25
20110613,0.25
20110614,0.25
20110615,0.25
20110616,0.25
20110617,0.25
20110618,0.25
20110619,0.25
20110620,0.25
20110621,0.25
20110622,0.25
20110623,0.25
20110624,0.25
20110625,0.25
20110626,0.25
20110627,0.25
20110628,0.25
20110629,0.25
20110630,0.25
20110701,0.25
20110702,0.25
20110703,0.25
20110704,0.25
20110705,0.25
20110706,0.25
20110707,0.25
20110708,0.25
20110709,0.25
20110710,0.25
20110711,0.25
20110712,0.25
20110713,0.25
20110714,0.25
20110715,0.25
20110716,0.25
20110717,0.25
20110718,0.25
20110719,0.25
20110720,0.25
20110721,0.25
20110722,0.25
20110723,0.25
20110724,0.25
20110725,0.25
20110726,0.25
20110727,0.25
20110728,0.25
20110729,0.25
20110730,0.25
20110731,0.25
20110801,0.25
20110802,0.25
20110803,0.25
20110804,0.25
20110805,0.25
20110806,0.25
20110807,0.25
20110808,0.25
20110809,0.25
20110810,0.25
20110811,0.25
20110812,0.25
20110813,0.25
20110814,0.25
20110815,0.25
20110816,0.25
20110817,0.25
20110818,0.25
20110819,0.25
20110820,0.25
20110821,0.25
20110822,0.25
20110823,0.25
20110824,0.25
20110825,0.25
20110826,0.25
20110827,0.25
20110828,0.25
20110829,0.25
20110830,0.25
20110831,0.25
20110901,0.25
20110902,0.25
20110903,0.25
20110904,0.25
20110905,0.25
20110906,0.25
20110907,0.25
20110908,0.25
20110909,0.25
20110910,0.25
20110911,0.25
20110912,0.25
20110913,0.25
20110914,0.25
20110915,0.25
20110916,0.25
20110917,0.25
20110918,0.25
20110919,0.25
20110920,0.25
20110921,0.25
20110922,0.25
20110923,0.25
20110924,0.25
20110925,0.25
20110926,0.25
20110927,0.25
20110928,0.25
20110929,0.25
20110930,0.25
20111001,0.25
20111002,0.25
20111003,0.25
20111004,0.25
20111005,0.25
20111006,0.25
20111007,0.25
20111008,0.25
20111009,0.25
20111010,0.25
20111011,0.25
20111012,0.25
20111013,0.25
20111014,0.25
20111015,0.25
20111016,0.25
20111017,0.25
20111018,0.25
20111019,0.25
20111020,0.25
20111021,0.25
20111022,0.25
20111023,0.25
20111024,0.25
20111025,0.25
20111026,0.25
20111027,0.25
20111028,0.25
20111029,0.25
20111030,0.25
20111031,0.25
20111101,0.25
20111102,0.25
20111103,0.25
20111104,0.25
20111105,0.25
20111106,0.25
20111107,0.25
20111108,0.25
20111109,0.25
20111110,0.25
20111111,0.25
20111112,0.25
20111113,0.25
20111114,0.25
20111115,0.25
20111116,0.25
20111117,0.25
20111118,0.25
20111119,0.25
20111120,0.25
20111121,0.25
20111122,0.25
20111123,0.25
20111124,0.25
20111125,0.25
20111126,0.25
20111127,0.25
20111128,0.25
20111129,0.25
20111130,0.25
20111201,0.25
20111202,0.25
20111203,0.25
20111204,0.25
20111205,0.25
20111206,0.25
20111207,0.25
20111208,0.25
20111209,0.25
20111210,0.25
20111211,0.25
20111212,0.25
20111213,0.25
20111214,0.25
20111215,0.25
20111216,0.25
20111217,0.25
20111218,0.25
20111219,0.25
20111220,0.25
20111221,0.25
20111222,0.25
20111223,0.25
20111224,0.25
20111225,0.25
20111226,0.25
20111227,0.25
20111228,0.25
20111229,0.25
20111230,0.25
20111231,0.25
20120101,0.25
20120102,0.25
20120103,0.25
20120104,0.25
20120105,0.25
20120106,0.25
20120107,0.25
20120108,0.25
20120109,0.25
20120110,0.25
20120111,0.25
20120112,0.25
20120113,0.25
20120114,0.25
20120115,0.25
20120116,0.25
20120117,0.25
20120118,0.25
20120119,0.25
20120120,0.25
20120121,0.25
20120122,0.25
20120123,0.25
20120124,0.25
20120125,0.25
20120126,0.25
20120127,0.25
20120128,0.25
20120129,0.25
20120130,0.25
20120131,0.25
20120201,0.25
20120202,0.25
20120203,0.25
20120204,0.25
20120205,0.25
20120206,0.25
20120207,0.25
20120208,0.25
20120209,0.25
20120210,0.25
20120211,0.25
20120212,0.25
20120213,0.25
20120214,0.25
20120215,0.25
20120216,0.25
20120217,0.25
20120218,0.25
20120219,0.25
20120220,0.25
20120221,0.25
20120222,0.25
20120223,0.25
20120224,0.25
20120225,0.25
20120226,0.25
20120227,0.25
20120228,0.25
20120229,0.25
20120301,0.25
20120302,0.25
20120303,0.25
20120304,0.25
20120305,0.25
20120306,0.25
20120307,0.25
20120308,0.25
20120309,0.25
20120310,0.25
20120311,0.25
20120312,0.25
20120313,0.25
20120314,0.25
20120315,0.25
20120316,0.25
20120317,0.25
20120318,0.25
20120319,0.25
20120320,0.25
20120321,0.25
20120322,0.25
20120323,0.25
20120324,0.25
20120325,0.25
20120326,0.25
20120327,0.25
20120328,0.25
20120329,0.25
20120330,0.25
20120331,0.25
20120401,0.25
20120402,0.25
20120403,0.25
20120404,0.25
20120405,0.25
20120406,0.25
20120407,0.25
20120408,0.25
20120409,0.25
20120410,0.25
20120411,0.25
20120412,0.25
20120413,0.25
20120414,0.25
20120415,0.25
20120416,0.25
20120417,0.25
20120418,0.25
20120419,0.25
20120420,0.25
20120421,0.25
20120422,0.25
20120423,0.25
20120424,0.25
20120425,0.25
20120426,0.25
20120427,0.25
20120428,0.25
20120429,0.25
20120430,0.25
20120501,0.25
20120502,0.25
20120503,0.25
20120504,0.25
20120505,0.25
20120506,0.25
20120507,0.25
20120508,0.25
20120509,0.25
20120510,0.25
20120511,0.25
20120512,0.25
20120513,0.25
20120514,0.25
20120515,0.25
20120516,0.25
20120517,0.25
20120518,0.25
20120519,0.25
20120520,0.25
20120521,0.25
20120522,0.25
20120523,0.25
20120524,0.25
20120525,0.25
20120526,0.25
20120527,0.25
20120528,0.25
20120529,0.25
20120530,0.25
20120531,0.25
20120601,0.25
20120602,0.25
20120603,0.25
20120604,0.25
20120605,0.25
20120606,0.25
20120607,0.25
20120608,0.25
20120609,0.25
20120610,0.25
20120611,0.25
20120612,0.25
20120613,0.25
20120614,0.25
20120615,0.25
20120616,0.25
20120617,0.25
20120618,0.25
20120619,0.25
20120620,0.25
20120621,0.25
20120622,0.25
20120623,0.25
20120624,0.25
20120625,0.25
20120626,0.25
20120627,0.25
20120628,0.25
20120629,0.25
20120630,0.25
20120701,0.25
20120702,0.25
20120703,0.25
20120704,0.25
20120705,0.25
20120706,0.25
20120707,0.25
20120708,0.25
20120709,0.25
20120710,0.25
20120711,0.25
20120712,0.25
20120713,0.25
20120714,0.25
20120715,0.25
20120716,0.25
20120717,0.25
20120718,0.25
20120719,0.25
20120720,0.25
20120721,0.25
20120722,0.25
20120723,0.25
20120724,0.25
20120725,0.25
20120726,0.25
20120727,0.25
20120728,0.25
20120729,0.25
20120730,0.25
20120731,0.25
20120801,0.25
20120802,0.25
20120803,0.25
20120804,0.25
20120805,0.25
20120806,0.25
20120807,0.25
20120808,0.25
20120809,0.25
20120810,0.25
20120811,0.25
20120812,0.25
20120813,0.25
20120814,0.25
20120815,0.25
20120816,0.25
20120817,0.25
20120818,0.25
20120819,0.25
20120820,0.25
20120821,0.25
20120822,0.25
20120823,0.25
20120824,0.25
20120825,0.25
20120826,0.25
20120827,0.25
20120828,0.25
20120829,0.25
20120830,0.25
20120831,0.25
20120901,0.25
20120902,0.25
20120903,0.25
20120904,0.25
20120905,0.25
20120906,0.25
20120907,0.25
20120908,0.25
20120909,0.25
20120910,0.25
20120911,0.25
20120912,0.25
20120913,0.25
20120914,0.25
20120915,0.25
20120916,0.25
20120917,0.25
20120918,0.25
20120919,0.25
20120920,0.25
20120921,0.25
20120922,0.25
20120923,0.25
20120924,0.25
20120925,0.25
20120926,0.25
20120927,0.25
20120928,0.25
20120929,0.25
20120930,0.25
20121001,0.25
20121002,0.25
20121003,0.25
20121004,0.25
20121005,0.25
20121006,0.25
20121007,0.25
20121008,0.25
20121009,0.25
20121010,0.25
20121011,0.25
20121012,0.25
20121013,0.25
20121014,0.25
20121015,0.25
20121016,0.25
20121017,0.25
20121018,0.25
20121019,0.25
20121020,0.25
20121021,0.25
20121022,0.25
20121023,0.25
20121024,0.25
20121025,0.25
20121026,0.25
20121027,0.25
20121028,0.25
20121029,0.25
20121030,0.25
20121031,0.25
20121101,0.25
20121102,0.25
20121103,0.25
20121104,0.25
20121105,0.25
20121106,0.25
20121107,0.25
20121108,0.25
20121109,0.25
20121110,0.25
20121111,0.25
20121112,0.25
20121113,0.25
20121114,0.25
20121115,0.25
20121116,0.25
20121117,0.25
20121118,0.25
20121119,0.25
20121120,0.25
20121121,0.25
20121122,0.25
20121123,0.25
20121124,0.25
20121125,0.25
20121126,0.25
20121127,0.25
20121128,0.25
20121129,0.25
20121130,0.25
20121201,0.25
20121202,0.25
20121203,0.25
20121204,0.25
20121205,0.25
20121206,0.25
20121207,0.25
20121208,0.25
20121209,0.25
20121210,0.25
20121211,0.25
20121212,0.25
20121213,0.25
20121214,0.25
20121215,0.25
20121216,0.25
20121217,0.25
20121218,0.25
20121219,0.25
20121220,0.25
20121221,0.25
20121222,0.25
20121223,0.25
20121224,0.25
20121225,0.25
20121226,0.25
20121227,0.25
20121228,0.25
20121229,0.25
20121230,0.25
20121231,0.25
20130101,0.25
20130102,0.25
20130103,0.25
20130104,0.25
20130105,0.25
20130106,0.25
20130107,0.25
20130108,0.25
20130109,0.25
20130110,0.25
20130111,0.25
20130112,0.25
20130113,0.25
20130114,0.25
20130115,0.25
20130116,0.25
20130117,0.25
20130118,0.25
20130119,0.25
20130120,0.25
20130121,0.25
20130122,0.25
20130123,0.25
20130124,0.25
20130125,0.25
20130126,0.25
20130127,0.25
20130128,0.25
20130129,0.25
20130130,0.25
20130131,0.25
20130201,0.25
20130202,0.25
20130203,0.25
20130204,0.25
20130205,0.25
20130206,0.25
20130207,0.25
20130208,0.25
20130209,0.25
20130210,0.25
20130211,0.25
20130212,0.25
20130213,0.25
20130214,0.25
20130215,0.25
20130216,0.25
20130217,0.25
20130218,0.25
20130219,0.25
20130220,0.25
20130221,0.25
20130222,0.25
20130223,0.25
20130224,0.25
20130225,0.25
20130226,0.25
20130227,0.25
20130228,0.25
20130301,0.25
20130302,0.25
20130303,0.25
20130304,0.25
20130305,0.25
20130306,0.25
20130307,0.25
20130308,0.25
20130309,0.25
20130310,0.25
20130311,0.25
20130312,0.25
20130313,0.25
20130314,0.25
20130315,0.25
20130316,0.25
20130317,0.25
20130318,0.25
20130319,0.25
20130320,0.25
20130321,0.25
20130322,0.25
20130323,0.25
20130324,0.25
20130325,0.25
20130326,0.25
20130327,0.25
20130328,0.25
20130329,0.25
20130330,0.25
20130331,0.25
20130401,0.25
20130402,0.25
20130403,0.25
20130404,0.25
20130405,0.25
20130406,0.25
20130407,0.25
20130408,0.25
20130409,0.25
20130410,0.25
20130411,0.25
20130412,0.25
20130413,0.25
20130414,0.25
20130415,0.25
20130416,0.25
20130417,0.25
20130418,0.25
20130419,0.25
20130420,0.25
20130421,0.25
20130422,0.25
20130423,0.25
20130424,0.25
20130425,0.25
20130426,0.25
20130427,0.25
20130428,0.25
20130429,0.25
20130430,0.25
20130501,0.25
20130502,0.25
20130503,0.25
20130504,0.25
20130505,0.25
20130506,0.25
20130507,0.25
20130508,0.25
20130509,0.25
20130510,0.25
20130511,0.25
20130512,0.25
20130513,0.25
20130514,0.25
20130515,0.25
20130516,0.25
20130517,0.25
20130518,0.25
20130519,0.25
20130520,0.25
20130521,0.25
20130522,0.25
20130523,0.25
20130524,0.25
20130525,0.25
20130526,0.25
20130527,0.25
20130528,0.25
20130529,0.25
20130530,0.25
20130531,0.25
20130601,0.25
20130602,0.25
20130603,0.25
20130604,0.25
20130605,0.25
20130606,0.25
20130607,0.25
20130608,0.25
20130609,0.25
20130610,0.25
20130611,0.25
20130612,0.25
20130613,0.25
20130614,0.25
20130615,0.25
20130616,0.25
20130617,0.25
20130618,0.25
20130619,0.25
20130620,0.25
20130621,0.25
20130622,0.25
20130623,0.25
20130624,0.25
20130625,0.25
20130626,0.25
20130627,0.25
20130628,0.25
20130629,0.25
20130630,0.25
20130701,0.25
20130702,0.25
20130703,0.25
20130704,0.25
20130705,0.25
20130706,0.25
20130707,0.25
20130708,0.25
20130709,0.25
20130710,0.25
20130711,0.25
20130712,0.25
20130713,0.25
20130714,0.25
20130715,0.25
20130716,0.25
20130717,0.25
20130718,0.25
20130719,0.25
20130720,0.25
20130721,0.25
20130722,0.25
20130723,0.25
20130724,0.25
20130725,0.25
20130726,0.25
20130727,0.25
20130728,0.25
20130729,0.25
20130730,0.25
20130731,0.25
20130801,0.25
20130802,0.25
20130803,0.25
20130804,0.25
20130805,0.25
20130806,0.25
20130807,0.25
20130808,0.25
20130809,0.25
20130810,0.25
20130811,0.25
20130812,0.25
20130813,0.25
20130814,0.25
20130815,0.25
20130816,0.25
20130817,0.25
20130818,0.25
20130819,0.25
20130820,0.25
20130821,0.25
20130822,0.25
20130823,0.25
20130824,0.25
20130825,0.25
20130826,0.25
20130827,0.25
20130828,0.25
20130829,0.25
20130830,0.25
20130831,0.25
20130901,0.25
20130902,0.25
20130903,0.25
20130904,0.25
20130905,0.25
20130906,0.25
20130907,0.25
20130908,0.25
20130909,0.25
20130910,0.25
20130911,0.25
20130912,0.25
20130913,0.25
20130914,0.25
20130915,0.25
20130916,0.25
20130917,0.25
20130918,0.25
20130919,0.25
20130920,0.25
20130921,0.25
20130922,0.25
20130923,0.25
20130924,0.25
20130925,0.25
20130926,0.25
20130927,0.25
20130928,0.25
20130929,0.25
20130930,0.25
20131001,0.25
20131002,0.25
20131003,0.25
20131004,0.25
20131005,0.25
20131006,0.25
20131007,0.25
20131008,0.25
20131009,0.25
20131010,0.25
20131011,0.25
20131012,0.25
20131013,0.25
20131014,0.25
20131015,0.25
20131016,0.25
20131017,0.25
20131018,0.25
20131019,0.25
20131020,0.25
20131021,0.25
20131022,0.25
20131023,0.25
20131024,0.25
20131025,0.25
20131026,0.25
20131027,0.25
20131028,0.25
20131029,0.25
20131030,0.25
20131031,0.25
20131101,0.25
20131102,0.25
20131103,0.25
20131104,0.25
20131105,0.25
20131106,0.25
20131107,0.25
20131108,0.25
20131109,0.25
20131110,0.25
20131111,0.25
20131112,0.25
20131113,0.25
20131114,0.25
20131115,0.25
20131116,0.25
20131117,0.25
20131118,0.25
20131119,0.25
20131120,0.25
20131121,0.25
20131122,0.25
20131123,0.25
20131124,0.25
20131125,0.25
20131126,0.25
20131127,0.25
20131128,0.25
20131129,0.25
20131130,0.25
20131201,0.25
20131202,0.25
20131203,0.25
20131204,0.25
20131205,0.25
20131206,0.25
20131207,0.25
20131208,0.25
20131209,0.25
20131210,0.25
20131211,0.25
20131212,0.25
20131213,0.25
20131214,0.25
20131215,0.25
20131216,0.25
20131217,0.25
20131218,0.25
20131219,0.25
20131220,0.25
20131221,0.25
20131222,0.25
20131223,0.25
20131224,0.25
20131225,0.25
20131226,0.25
20131227,0.25
20131228,0.25
20131229,0.25
20131230,0.25
20131231,0.25
20140101,0.25
20140102,0.25
20140103,0.25
20140104,0.25
20140105,0.25
20140106,0.25
20140107,0.25
20140108,0.25
20140109,0.25
20140110,0.25
20140111,0.25
20140112,0.25
20140113,0.25
20140114,0.25
20140115,0.25
20140116,0.25
20140117,0.25
20140118,0.25
20140119,0.25
20140120,0.25
20140121,0.25
20140122,0.25
20140123,0.25
20140124,0.25
20140125,0.25
20140126,0.25
20140127,0.25
20140128,0.25
20140129,0.25
20140130,0.25
20140131,0.25
20140201,0.25
20140202,0.25
20140203,0.25
20140204,0.25
20140205,0.25
20140206,0.25
20140207,0.25
20140208,0.25
20140209,0.25
20140210,0.25
20140211,0.25
20140212,0.25
20140213,0.25
20140214,0.25
20140215,0.25
20140216,0.25
20140217,0.25
20140218,0.25
20140219,0.25
20140220,0.25
20140221,0.25
20140222,0.25
20140223,0.25
20140224,0.25
20140225,0.25
20140226,0.25
20140227,0.25
20140228,0.25
20140301,0.25
20140302,0.25
20140303,0.25
20140304,0.25
20140305,0.25
20140306,0.25
20140307,0.25
20140308,0.25
20140309,0.25
20140310,0.25
20140311,0.25
20140312,0.25
20140313,0.25
20140314,0.25
20140315,0.25
20140316,0.25
20140317,0.25
20140318,0.25
20140319,0.25
20140320,0.25
20140321,0.25
20140322,0.25
20140323,0.25
20140324,0.25
20140325,0.25
20140326,0.25
20140327,0.25
20140328,0.25
20140329,0.25
20140330,0.25
20140331,0.25
20140401,0.25
20140402,0.25
20140403,0.25
20140404,0.25
20140405,0.25
20140406,0.25
20140407,0.25
20140408,0.25
20140409,0.25
20140410,0.25
20140411,0.25
20140412,0.25
20140413,0.25
20140414,0.25
20140415,0.25
20140416,0.25
20140417,0.25
20140418,0.25
20140419,0.25
20140420,0.25
20140421,0.25
20140422,0.25
20140423,0.25
20140424,0.25
20140425,0.25
20140426,0.25
20140427,0.25
20140428,0.25
20140429,0.25
20140430,0.25
20140501,0.25
20140502,0.25
20140503,0.25
20140504,0.25
20140505,0.25
20140506,0.25
20140507,0.25
20140508,0.25
20140509,0.25
20140510,0.25
20140511,0.25
20140512,0.25
20140513,0.25
20140514,0.25
20140515,0.25
20140516,0.25
20140517,0.25
20140518,0.25
20140519,0.25
20140520,0.25
20140521,0.25
20140522,0.25
20140523,0.25
20140524,0.25
20140525,0.25
20140526,0.25
20140527,0.25
20140528,0.25
20140529,0.25
20140530,0.25
20140531,0.25
20140601,0.25
20140602,0.25
20140603,0.25
20140604,0.25
20140605,0.25
20140606,0.25
20140607,0.25
20140608,0.25
20140609,0.25
20140610,0.25
20140611,0.25
20140612,0.25
20140613,0.25
20140614,0.25
20140615,0.25
20140616,0.25
20140617,0.25
20140618,0.25
20140619,0.25
20140620,0.25
20140621,0.25
20140622,0.25
20140623,0.25
20140624,0.25
20140625,0.25
20140626,0.25
20140627,0.25
20140628,0.25
20140629,0.25
20140630,0.25
20140701,0.25
20140702,0.25
20140703,0.25
20140704,0.25
20140705,0.25
20140706,0.25
20140707,0.25
20140708,0.25
20140709,0.25
20140710,0.25
20140711,0.25
20140712,0.25
20140713,0.25
20140714,0.25
20140715,0.25
20140716,0.25
20140717,0.25
20140718,0.25
20140719,0.25
20140720,0.25
20140721,0.25
20140722,0.25
20140723,0.25
20140724,0.25
20140725,0.25
20140726,0.25
20140727,0.25
20140728,0.25
20140729,0.25
20140730,0.25
20140731,0.25
20140801,0.25
20140802,0.25
20140803,0.25
20140804,0.25
20140805,0.25
20140806,0.25
20140807,0.25
20140808,0.25
20140809,0.25
20140810,0.25
20140811,0.25
20140812,0.25
20140813,0.25
20140814,0.25
20140815,0.25
20140816,0.25
20140817,0.25
20140818,0.25
20140819,0.25
20140820,0.25
20140821,0.25
20140822,0.25
20140823,0.25
20140824,0.25
20140825,0.25
20140826,0.25
20140827,0.25
20140828,0.25
20140829,0.25
20140830,0.25
20140831,0.25
20140901,0.25
20140902,0.25
20140903,0.25
20140904,0.25
20140905,0.25
20140906,0.25
20140907,0.25
20140908,0.25
20140909,0.25
20140910,0.25
20140911,0.25
20140912,0.25
20140913,0.25
20140914,0.25
20140915,0.25
20140916,0.25
20140917,0.25
20140918,0.25
20140919,0.25
20140920,0.25
20140921,0.25
20140922,0.25
20140923,0.25
20140924,0.25
20140925,0.25
20140926,0.25
20140927,0.25
20140928,0.25
20140929,0.25
20140930,0.25
20141001,0.25
20141002,0.25
20141003,0.25
20141004,0.25
20141005,0.25
20141006,0.25
20141007,0.25
20141008,0.25
20141009,0.25
20141010,0.25
20141011,0.25
20141012,0.25
20141013,0.25
20141014,0.25
20141015,0.25
20141016,0.25
20141017,0.25
20141018,0.25
20141019,0.25
20141020,0.25
20141021,0.25
20141022,0.25
20141023,0.25
20141024,0.25
20141025,0.25
20141026,0.25
20141027,0.25
20141028,0.25
20141029,0.25
20141030,0.25
20141031,0.25
20141101,0.25
20141102,0.25
20141103,0.25
20141104,0.25
20141105,0.25
20141106,0.25
20141107,0.25
20141108,0.25
20141109,0.25
20141110,0.25
20141111,0.25
20141112,0.25
20141113,0.25
20141114,0.25
20141115,0.25
20141116,0.25
20141117,0.25
20141118,0.25
20141119,0.25
20141120,0.25
20141121,0.25
20141122,0.25
20141123,0.25
20141124,0.25
20141125,0.25
20141126,0.25
20141127,0.25
20141128,0.25
20141129,0.25
20141130,0.25
20141201,0.25
20141202,0.25
20141203,0.25
20141204,0.25
20141205,0.25
20141206,0.25
20141207,0.25
20141208,0.25
20141209,0.25
20141210,0.25
20141211,0.25
20141212,0.25
20141213,0.25
20141214,0.25
20141215,0.25
20141216,0.25
20141217,0.25
20141218,0.25
20141219,0.25
20141220,0.25
20141221,0.25
20141222,0.25
20141223,0.25
20141224,0.25
20141225,0.25
20141226,0.25
20141227,0.25
20141228,0.25
20141229,0.25
20141230,0.25
20141231,0.25
20150101,0.25
20150102,0.25
20150103,0.25
20150104,0.25
20150105,0.25
20150106,0.25
20150107,0.25
20150108,0.25
20150109,0.25
20150110,0.25
20150111,0.25
20150112,0.25
20150113,0.25
20150114,0.25
20150115,0.25
20150116,0.25
20150117,0.25
20150118,0.25
20150119,0.25
20150120,0.25
20150121,0.25
20150122,0.25
20150123,0.25
20150124,0.25
20150125,0.25
20150126,0.25
20150127,0.25
20150128,0.25
20150129,0.25
20150130,0.25
20150131,0.25
20150201,0.25
20150202,0.25
20150203,0.25
20150204,0.25
20150205,0.25
20150206,0.25
20150207,0.25
20150208,0.25
20150209,0.25
20150210,0.25
20150211,0.25
20150212,0.25
20150213,0.25
20150214,0.25
20150215,0.25
20150216,0.25
20150217,0.25
20150218,0.25
20150219,0.25
20150220,0.25
20150221,0.25
20150222,0.25
20150223,0.25
20150224,0.25
20150225,0.25
20150226,0.25
20150227,0.25
20150228,0.25
20150301,0.25
20150302,0.25
20150303,0.25
20150304,0.25
20150305,0.25
20150306,0.25
20150307,0.25
20150308,0.25
20150309,0.25
20150310,0.25
20150311,0.25
20150312,0.25
20150313,0.25
20150314,0.25
20150315,0.25
20150316,0.25
20150317,0.25
20150318,0.25
20150319,0.25
20150320,0.25
20150321,0.25
20150322,0.25
20150323,0.25
20150324,0.25
20150325,0.25
20150326,0.25
20150327,0.25
20150328,0.25
20150329,0.25
20150330,0.25
20150331,0.25
20150401,0.25
20150402,0.25
20150403,0.25
20150404,0.25
20150405,0.25
20150406,0.25
20150407,0.25
20150408,0.25
20150409,0.25
20150410,0.25
20150411,0.25
20150412,0.25
20150413,0.25
20150414,0.25
20150415,0.25
20150416,0.25
20150417,0.25
20150418,0.25
20150419,0.25
20150420,0.25
20150421,0.25
20150422,0.25
20150423,0.25
20150424,0.25
20150425,0.25
20150426,0.25
20150427,0.25
20150428,0.25
20150429,0.25
20150430,0.25
20150501,0.25
20150502,0.25
20150503,0.25
20150504,0.25
20150505,0.25
20150506,0.25
20150507,0.25
20150508,0.25
20150509,0.25
20150510,0.25
20150511,0.25
20150512,0.25
20150513,0.25
20150514,0.25
20150515,0.25
20150516,0.25
20150517,0.25
20150518,0.25
20150519,0.25
20150520,0.25
20150521,0.25
20150522,0.25
20150523,0.25
20150524,0.25
20150525,0.25
20150526,0.25
20150527,0.25
20150528,0.25
20150529,0.25
20150530,0.25
20150531,0.25
20150601,0.25
20150602,0.25
20150603,0.25
20150604,0.25
20150605,0.25
20150606,0.25
20150607,0.25
20150608,0.25
20150609,0.25
20150610,0.25
20150611,0.25
20150612,0.25
20150613,0.25
20150614,0.25
20150615,0.25
20150616,0.25
20150617,0.25
20150618,0.25
20150619,0.25
20150620,0.25
20150621,0.25
20150622,0.25
20150623,0.25
20150624,0.25
20150625,0.25
20150626,0.25
20150627,0.25
20150628,0.25
20150629,0.25
20150630,0.25
20150701,0.25
20150702,0.25
20150703,0.25
20150704,0.25
20150705,0.25
20150706,0.25
20150707,0.25
20150708,0.25
20150709,0.25
20150710,0.25
20150711,0.25
20150712,0.25
20150713,0.25
20150714,0.25
20150715,0.25
20150716,0.25
20150717,0.25
20150718,0.25
20150719,0.25
20150720,0.25
20150721,0.25
20150722,0.25
20150723,0.25
20150724,0.25
20150725,0.25
20150726,0.25
20150727,0.25
20150728,0.25
20150729,0.25
20150730,0.25
20150731,0.25
20150801,0.25
20150802,0.25
20150803,0.25
20150804,0.25
20150805,0.25
20150806,0.25
20150807,0.25
20150808,0.25
20150809,0.25
20150810,0.25
20150811,0.25
20150812,0.25
20150813,0.25
20150814,0.25
20150815,0.25
20150816,0.25
20150817,0.25
20150818,0.25
20150819,0.25
20150820,0.25
20150821,0.25
20150822,0.25
20150823,0.25
20150824,0.25
20150825,0.25
20150826,0.25
20150827,0.25
20150828,0.25
20150829,0.25
20150830,0.25
20150831,0.25
20150901,0.25
20150902,0.25
20150903,0.25
20150904,0.25
20150905,0.25
20150906,0.25
20150907,0.25
20150908,0.25
20150909,0.25
20150910,0.25
20150911,0.25
20150912,0.25
20150913,0.25
20150914,0.25
20150915,0.25
20150916,0.25
20150917,0.25
20150918,0.25
20150919,0.25
20150920,0.25
20150921,0.25
20150922,0.25
20150923,0.25
20150924,0.25
20150925,0.25
20150926,0.25
20150927,0.25
20150928,0.25
20150929,0.25
20150930,0.25
20151001,0.25
20151002,0.25
20151003,0.25
20151004,0.25
20151005,0.25
20151006,0.25
20151007,0.25
20151008,0.25
20151009,0.25
20151010,0.25
20151011,0.25
20151012,0.25
20151013,0.25
20151014,0.25
20151015,0.25
20151016,0.25
20151017,0.25
20151018,0.25
20151019,0.25
20151020,0.25
20151021,0.25
20151022,0.25
20151023,0.25
20151024,0.25
20151025,0.25
20151026,0.25
20151027,0.25
20151028,0.25
20151029,0.25
20151030,0.25
20151031,0.25
20151101,0.25
20151102,0.25
20151103,0.25
20151104,0.25
20151105,0.25
20151106,0.25
20151107,0.25
20151108,0.25
20151109,0.25
20151110,0.25
20151111,0.25
20151112,0.25
20151113,0.25
20151114,0.25
20151115,0.25
20151116,0.25
20151117,0.25
20151118,0.25
20151119,0.25
20151120,0.25
20151121,0.25
20151122,0.25
20151123,0.25
20151124,0.25
20151125,0.25
20151126,0.25
20151127,0.25
20151128,0.25
20151129,0.25
20151130,0.25
20151201,0.25
20151202,0.25
20151203,0.25
20151204,0.25
20151205,0.25
20151206,0.25
20151207,0.25
20151208,0.25
20151209,0.25
20151210,0.25
20151211,0.25
20151212,0.25
20151213,0.25
20151214,0.25
20151215,0.25
20151216,0.5
20151217,0.5
20151218,0.5
20151219,0.5
20151220,0.5
20151221,0.5
20151222,0.5
20151223,0.5
20151224,0.5
20151225,0.5
20151226,0.5
20151227,0.5
20151228,0.5
20151229,0.5
20151230,0.5
20151231,0.5
20160101,0.5
20160102,0.5
20160103,0.5
20160104,0.5
20160105,0.5
20160106,0.5
20160107,0.5
20160108,0.5
20160109,0.5
20160110,0.5
20160111,0.5
20160112,0.5
20160113,0.5
20160114,0.5
20160115,0.5
20160116,0.5
20160117,0.5
20160118,0.5
20160119,0.5
20160120,0.5
20160121,0.5
20160122,0.5
20160123,0.5
20160124,0.5
20160125,0.5
20160126,0.5
20160127,0.5
20160128,0.5
20160129,0.5
20160130,0.5
20160131,0.5
20160201,0.5
20160202,0.5
20160203,0.5
20160204,0.5
20160205,0.5
20160206,0.5
20160207,0.5
20160208,0.5
20160209,0.5
20160210,0.5
20160211,0.5
20160212,0.5
20160213,0.5
20160214,0.5
20160215,0.5
20160216,0.5
20160217,0.5
20160218,0.5
20160219,0.5
20160220,0.5
20160221,0.5
20160222,0.5
20160223,0.5
20160224,0.5
20160225,0.5
20160226,0.5
20160227,0.5
20160228,0.5
20160229,0.5
20160301,0.5
20160302,0.5
20160303,0.5
20160304,0.5
20160305,0.5
20160306,0.5
20160307,0.5
20160308,0.5
20160309,0.5
20160310,0.5
20160311,0.5
20160312,0.5
20160313,0.5
20160314,0.5
20160315,0.5
20160316,0.5
20160317,0.5
20160318,0.5
20160319,0.5
20160320,0.5
20160321,0.5
20160322,0.5
20160323,0.5
20160324,0.5
20160325,0.5
20160326,0.5
20160327,0.5
20160328,0.5
20160329,0.5
20160330,0.5
20160331,0.5
20160401,0.5
20160402,0.5
20160403,0.5
20160404,0.5
20160405,0.5
20160406,0.5
20160407,0.5
20160408,0.5
20160409,0.5
20160410,0.5
20160411,0.5
20160412,0.5
20160413,0.5
20160414,0.5
20160415,0.5
20160416,0.5
20160417,0.5
20160418,0.5
20160419,0.5
20160420,0.5
20160421,0.5
20160422,0.5
20160423,0.5
20160424,0.5
20160425,0.5
20160426,0.5
20160427,0.5
20160428,0.5
20160429,0.5
20160430,0.5
20160501,0.5
20160502,0.5
20160503,0.5
20160504,0.5
20160505,0.5
20160506,0.5
20160507,0.5
20160508,0.5
20160509,0.5
20160510,0.5
20160511,0.5
20160512,0.5
20160513,0.5
20160514,0.5
20160515,0.5
20160516,0.5
20160517,0.5
20160518,0.5
20160519,0.5
20160520,0.5
20160521,0.5
20160522,0.5
20160523,0.5
20160524,0.5
20160525,0.5
20160526,0.5
20160527,0.5
20160528,0.5
20160529,0.5
20160530,0.5
20160531,0.5
20160601,0.5
20160602,0.5
20160603,0.5
20160604,0.5
20160605,0.5
20160606,0.5
20160607,0.5
20160608,0.5
20160609,0.5
20160610,0.5
20160611,0.5
20160612,0.5
20160613,0.5
20160614,0.5
20160615,0.5
20160616,0.5
20160617,0.5
20160618,0.5
20160619,0.5
20160620,0.5
20160621,0.5
20160622,0.5
20160623,0.5
20160624,0.5
20160625,0.5
20160626,0.5
20160627,0.5
20160628,0.5
20160629,0.5
20160630,0.5
20160701,0.5
20160702,0.5
20160703,0.5
20160704,0.5
20160705,0.5
20160706,0.5
20160707,0.5
20160708,0.5
20160709,0.5
20160710,0.5
20160711,0.5
20160712,0.5
20160713,0.5
20160714,0.5
20160715,0.5
20160716,0.5
20160717,0.5
20160718,0.5
20160719,0.5
20160720,0.5
20160721,0.5
20160722,0.5
20160723,0.5
20160724,0.5
20160725,0.5
20160726,0.5
20160727,0.5
20160728,0.5
20160729,0.5
20160730,0.5
20160731,0.5
20160801,0.5
20160802,0.5
20160803,0.5
20160804,0.5
20160805,0.5
20160806,0.5
20160807,0.5
20160808,0.5
20160809,0.5
20160810,0.5
20160811,0.5
20160812,0.5
20160813,0.5
20160814,0.5
20160815,0.5
20160816,0.5
20160817,0.5
20160818,0.5
20160819,0.5
20160820,0.5
20160821,0.5
20160822,0.5
20160823,0.5
20160824,0.5
20160825,0.5
20160826,0.5
20160827,0.5
20160828,0.5
20160829,0.5
20160830,0.5
20160831,0.5
20160901,0.5
20160902,0.5
20160903,0.5
20160904,0.5
20160905,0.5
20160906,0.5
20160907,0.5
20160908,0.5
20160909,0.5
20160910,0.5
20160911,0.5
20160912,0.5
20160913,0.5
20160914,0.5
20160915,0.5
20160916,0.5
20160917,0.5
20160918,0.5
20160919,0.5
20160920,0.5
20160921,0.5
20160922,0.5
20160923,0.5
20160924,0.5
20160925,0.5
20160926,0.5
20160927,0.5
20160928,0.5
20160929,0.5
20160930,0.5
20161001,0.5
20161002,0.5
20161003,0.5
20161004,0.5
20161005,0.5
20161006,0.5
20161007,0.5
20161008,0.5
20161009,0.5
20161010,0.5
20161011,0.5
20161012,0.5
20161013,0.5
20161014,0.5
20161015,0.5
20161016,0.5
20161017,0.5
20161018,0.5
20161019,0.5
20161020,0.5
20161021,0.5
20161022,0.5
20161023,0.5
20161024,0.5
20161025,0.5
20161026,0.5
20161027,0.5
20161028,0.5
20161029,0.5
20161030,0.5
20161031,0.5
20161101,0.5
20161102,0.5
20161103,0.5
20161104,0.5
20161105,0.5
20161106,0.5
20161107,0.5
20161108,0.5
20161109,0.5
20161110,0.5
20161111,0.5
20161112,0.5
20161113,0.5
20161114,0.5
20161115,0.5
20161116,0.5
20161117,0.5
20161118,0.5
20161119,0.5
20161120,0.5
20161121,0.5
20161122,0.5
20161123,0.5
20161124,0.5
20161125,0.5
20161126,0.5
20161127,0.5
20161128,0.5
20161129,0.5
20161130,0.5
20161201,0.5
20161202,0.5
20161203,0.5
20161204,0.5
20161205,0.5
20161206,0.5
20161207,0.5
20161208,0.5
20161209,0.5
20161210,0.5
20161211,0.5
20161212,0.5
20161213,0.5
20161214,0.75
20161215,0.75
20161216,0.75
20161217,0.75
20161218,0.75
20161219,0.75
20161220,0.75
20161221,0.75
20161222,0.75
20161223,0.75
20161224,0.75
20161225,0.75
20161226,0.75
20161227,0.75
20161228,0.75
20161229,0.75
20161230,0.75
20161231,0.75
20170101,0.75
20170102,0.75
20170103,0.75
20170104,0.75
20170105,0.75
20170106,0.75
20170107,0.75
20170108,0.75
20170109,0.75
20170110,0.75
20170111,0.75
20170112,0.75
20170113,0.75
20170114,0.75
20170115,0.75
20170116,0.75
20170117,0.75
20170118,0.75
20170119,0.75
20170120,0.75
20170121,0.75
20170122,0.75
20170123,0.75
20170124,0.75
20170125,0.75
20170126,0.75
20170127,0.75
20170128,0.75
20170129,0.75
20170130,0.75
20170131,0.75
20170201,0.75
20170202,0.75
20170203,0.75
20170204,0.75
20170205,0.75
20170206,0.75
20170207,0.75
20170208,0.75
20170209,0.75
20170210,0.75
20170211,0.75
20170212,0.75
20170213,0.75
20170214,0.75
20170215,0.75
20170216,0.75
20170217,0.75
20170218,0.75
20170219,0.75
20170220,0.75
20170221,0.75
20170222,0.75
20170223,0.75
20170224,0.75
20170225,0.75
20170226,0.75
20170227,0.75
20170228,0.75
20170301,0.75
20170302,0.75
20170303,0.75
20170304,0.75
20170305,0.75
20170306,0.75
20170307,0.75
20170308,0.75
20170309,0.75
20170310,0.75
20170311,0.75
20170312,0.75
20170313,0.75
20170314,0.75
20170315,0.75
20170316,1.0
20170317,1.0
20170318,1.0
20170319,1.0
20170320,1.0
20170321,1.0
20170322,1.0
20170323,1.0
20170324,1.0
20170325,1.0
20170326,1.0
20170327,1.0
20170328,1.0
20170329,1.0
20170330,1.0
20170331,1.0
20170401,1.0
20170402,1.0
20170403,1.0
20170404,1.0
20170405,1.0
20170406,1.0
20170407,1.0
20170408,1.0
20170409,1.0
20170410,1.0
20170411,1.0
20170412,1.0
20170413,1.0
20170414,1.0
20170415,1.0
20170416,1.0
20170417,1.0
20170418,1.0
20170419,1.0
20170420,1.0
20170421,1.0
20170422,1.0
20170423,1.0
20170424,1.0
20170425,1.0
20170426,1.0
20170427,1.0
20170428,1.0
20170429,1.0
20170430,1.0
20170501,1.0
20170502,1.0
20170503,1.0
20170504,1.0
20170505,1.0
20170506,1.0
20170507,1.0
20170508,1.0
20170509,1.0
20170510,1.0
20170511,1.0
20170512,1.0
20170513,1.0
20170514,1.0
20170515,1.0
20170516,1.0
20170517,1.0
20170518,1.0
20170519,1.0
20170520,1.0
20170521,1.0
20170522,1.0
20170523,1.0
20170524,1.0
20170525,1.0
20170526,1.0
20170527,1.0
20170528,1.0
20170529,1.0
20170530,1.0
20170531,1.0
20170601,1.0
20170602,1.0
20170603,1.0
20170604,1.0
20170605,1.0
20170606,1.0
20170607,1.0
20170608,1.0
20170609,1.0
20170610,1.0
20170611,1.0
20170612,1.0
20170613,1.0
20170614,1.0
20170615,1.25
20170616,1.25
20170617,1.25
20170618,1.25
20170619,1.25
20170620,1.25
20170621,1.25
20170622,1.25
20170623,1.25
20170624,1.25
20170625,1.25
20170626,1.25
20170627,1.25
20170628,1.25
20170629,1.25
20170630,1.25
20170701,1.25
20170702,1.25
20170703,1.25
20170704,1.25
20170705,1.25
20170706,1.25
20170707,1.25
20170708,1.25
20170709,1.25
20170710,1.25
20170711,1.25
20170712,1.25
20170713,1.25
20170714,1.25
20170715,1.25
20170716,1.25
20170717,1.25
20170718,1.25
20170719,1.25
20170720,1.25
20170721,1.25
20170722,1.25
20170723,1.25
20170724,1.25
20170725,1.25
20170726,1.25
20170727,1.25
20170728,1.25
20170729,1.25
20170730,1.25
20170731,1.25
20170801,1.25
20170802,1.25
20170803,1.25
20170804,1.25
20170805,1.25
20170806,1.25
20170807,1.25
20170808,1.25
20170809,1.25
20170810,1.25
20170811,1.25
20170812,1.25
20170813,1.25
20170814,1.25
20170815,1.25
20170816,1.25
20170817,1.25
20170818,1.25
20170819,1.25
20170820,1.25
20170821,1.25
20170822,1.25
20170823,1.25
20170824,1.25
20170825,1.25
20170826,1.25
20170827,1.25
20170828,1.25
20170829,1.25
20170830,1.25
20170831,1.25
20170901,1.25
20170902,1.25
20170903,1.25
20170904,1.25
20170905,1.25
20170906,1.25
20170907,1.25
20170908,1.25
20170909,1.25
20170910,1.25
20170911,1.25
20170912,1.25
20170913,1.25
20170914,1.25
20170915,1.25
20170916,1.25
20170917,1.25
20170918,1.25
20170919,1.25
20170920,1.25
20170921,1.25
20170922,1.25
20170923,1.25
20170924,1.25
20170925,1.25
20170926,1.25
20170927,1.25
20170928,1.25
20170929,1.25
20170930,1.25
20171001,1.25
20171002,1.25
20171003,1.25
20171004,1.25
20171005,1.25
20171006,1.25
20171007,1.25
20171008,1.25
20171009,1.25
20171010,1.25
20171011,1.25
20171012,1.25
20171013,1.25
20171014,1.25
20171015,1.25
20171016,1.25
20171017,1.25
20171018,1.25
20171019,1.25
20171020,1.25
20171021,1.25
20171022,1.25
20171023,1.25
20171024,1.25
20171025,1.25
20171026,1.25
20171027,1.25
20171028,1.25
20171029,1.25
20171030,1.25
20171031,1.25
20171101,1.25
20171102,1.25
20171103,1.25
20171104,1.25
20171105,1.25
20171106,1.25
20171107,1.25
20171108,1.25
20171109,1.25
20171110,1.25
20171111,1.25
20171112,1.25
20171113,1.25
20171114,1.25
20171115,1.25
20171116,1.25
20171117,1.25
20171118,1.25
20171119,1.25
20171120,1.25
20171121,1.25
20171122,1.25
20171123,1.25
20171124,1.25
20171125,1.25
20171126,1.25
20171127,1.25
20171128,1.25
20171129,1.25
20171130,1.25
20171201,1.25
20171202,1.25
20171203,1.25
20171204,1.25
20171205,1.25
20171206,1.25
20171207,1.25
20171208,1.25
20171209,1.25
20171210,1.25
20171211,1.25
20171212,1.25
20171213,1.25
20171214,1.5
20171215,1.5
20171216,1.5
20171217,1.5
20171218,1.5
20171219,1.5
20171220,1.5
20171221,1.5
20171222,1.5
20171223,1.5
20171224,1.5
20171225,1.5
20171226,1.5
20171227,1.5
20171228,1.5
20171229,1.5
20171230,1.5
20171231,1.5
20180101,1.5
20180102,1.5
20180103,1.5
20180104,1.5
20180105,1.5
20180106,1.5
20180107,1.5
20180108,1.5
20180109,1.5
20180110,1.5
20180111,1.5
20180112,1.5
20180113,1.5
20180114,1.5
20180115,1.5
20180116,1.5
20180117,1.5
20180118,1.5
20180119,1.5
20180120,1.5
20180121,1.5
20180122,1.5
20180123,1.5
20180124,1.5
20180125,1.5
20180126,1.5
20180127,1.5
20180128,1.5
20180129,1.5
20180130,1.5
20180131,1.5
20180201,1.5
20180202,1.5
20180203,1.5
20180204,1.5
20180205,1.5
20180206,1.5
20180207,1.5
20180208,1.5
20180209,1.5
20180210,1.5
20180211,1.5
20180212,1.5
20180213,1.5
20180214,1.5
20180215,1.5
20180216,1.5
20180217,1.5
20180218,1.5
20180219,1.5
20180220,1.5
20180221,1.5
20180222,1.5
20180223,1.5
20180224,1.5
20180225,1.5
20180226,1.5
20180227,1.5
20180228,1.5
20180301,1.5
20180302,1.5
20180303,1.5
20180304,1.5
20180305,1.5
20180306,1.5
20180307,1.5
20180308,1.5
20180309,1.5
20180310,1.5
20180311,1.5
20180312,1.5
20180313,1.5
20180314,1.5
20180315,1.5
20180316,1.5
20180317,1.5
20180318,1.5
20180319,1.5
20180320,1.5
20180321,1.5
20180322,1.75
20180323,1.75
20180324,1.75
20180325,1.75
20180326,1.75
20180327,1.75
20180328,1.75
20180329,1.75
20180330,1.75
20180331,1.75
20180401,1.75
20180402,1.75
20180403,1.75
20180404,1.75
20180405,1.75
20180406,1.75
20180407,1.75
20180408,1.75
20180409,1.75
20180410,1.75
20180411,1.75
20180412,1.75
20180413,1.75
20180414,1.75
20180415,1.75
20180416,1.75
20180417,1.75
20180418,1.75
20180419,1.75
20180420,1.75
20180421,1.75
20180422,1.75
20180423,1.75
20180424,1.75
20180425,1.75
20180426,1.75
20180427,1.75
20180428,1.75
20180429,1.75
20180430,1.75
20180501,1.75
20180502,1.75
20180503,1.75
20180504,1.75
20180505,1.75
20180506,1.75
20180507,1.75
20180508,1.75
20180509,1.75
20180510,1.75
20180511,1.75
20180512,1.75
20180513,1.75
20180514,1.75
20180515,1.75
20180516,1.75
20180517,1.75
20180518,1.75
20180519,1.75
20180520,1.75
20180521,1.75
20180522,1.75
20180523,1.75
20180524,1.75
20180525,1.75
20180526,1.75
20180527,1.75
20180528,1.75
20180529,1.75
20180530,1.75
20180531,1.75
20180601,1.75
20180602,1.75
20180603,1.75
20180604,1.75
20180605,1.75
20180606,1.75
20180607,1.75
20180608,1.75
20180609,1.75
20180610,1.75
20180611,1.75
20180612,1.75
20180613,1.75
20180614,2.0
20180615,2.0
20180616,2.0
20180617,2.0
20180618,2.0
20180619,2.0
20180620,2.0
20180621,2.0
20180622,2.0
20180623,2.0
20180624,2.0
20180625,2.0
20180626,2.0
20180627,2.0
20180628,2.0
20180629,2.0
20180630,2.0
20180701,2.0
20180702,2.0
20180703,2.0
20180704,2.0
20180705,2.0
20180706,2.0
20180707,2.0
20180708,2.0
20180709,2.0
20180710,2.0
20180711,2.0
20180712,2.0
20180713,2.0
20180714,2.0
20180715,2.0
20180716,2.0
20180717,2.0
20180718,2.0
20180719,2.0
20180720,2.0
20180721,2.0
20180722,2.0
20180723,2.0
20180724,2.0
20180725,2.0
20180726,2.0
20180727,2.0
20180728,2.0
20180729,2.0
20180730,2.0
20180731,2.0
20180801,2.0
20180802,2.0
20180803,2.0
20180804,2.0
20180805,2.0
20180806,2.0
20180807,2.0
20180808,2.0
20180809,2.0
20180810,2.0
20180811,2.0
20180812,2.0
20180813,2.0
20180814,2.0
20180815,2.0
20180816,2.0
20180817,2.0
20180818,2.0
20180819,2.0
20180820,2.0
20180821,2.0
20180822,2.0
20180823,2.0
20180824,2.0
20180825,2.0
20180826,2.0
20180827,2.0
20180828,2.0
20180829,2.0
20180830,2.0
20180831,2.0
20180901,2.0
20180902,2.0
20180903,2.0
20180904,2.0
20180905,2.0
20180906,2.0
20180907,2.0
20180908,2.0
20180909,2.0
20180910,2.0
20180911,2.0
20180912,2.0
20180913,2.0
20180914,2.0
20180915,2.0
20180916,2.0
20180917,2.0
20180918,2.0
20180919,2.0
20180920,2.0
20180921,2.0
20180922,2.0
20180923,2.0
20180924,2.0
20180925,2.0
20180926,2.0
20180927,2.25
20180928,2.25
20180929,2.25
20180930,2.25
20181001,2.25
20181002,2.25
20181003,2.25
20181004,2.25
20181005,2.25
20181006,2.25
20181007,2.25
20181008,2.25
20181009,2.25
20181010,2.25
20181011,2.25
20181012,2.25
20181013,2.25
20181014,2.25
20181015,2.25
20181016,2.25
20181017,2.25
20181018,2.25
20181019,2.25
20181020,2.25
20181021,2.25
20181022,2.25
20181023,2.25
20181024,2.25
20181025,2.25
20181026,2.25
20181027,2.25
20181028,2.25
20181029,2.25
20181030,2.25
20181031,2.25
20181101,2.25
20181102,2.25
20181103,2.25
20181104,2.25
20181105,2.25
20181106,2.25
20181107,2.25
20181108,2.25
20181109,2.25
20181110,2.25
20181111,2.25
20181112,2.25
20181113,2.25
20181114,2.25
20181115,2.25
20181116,2.25
20181117,2.25
20181118,2.25
20181119,2.25
20181120,2.25
20181121,2.25
20181122,2.25
20181123,2.25
20181124,2.25
20181125,2.25
20181126,2.25
20181127,2.25
20181128,2.25
20181129,2.25
20181130,2.25
20181201,2.25
20181202,2.25
20181203,2.25
20181204,2.25
20181205,2.25
20181206,2.25
20181207,2.25
20181208,2.25
20181209,2.25
20181210,2.25
20181211,2.25
20181212,2.25
20181213,2.25
20181214,2.25
20181215,2.25
20181216,2.25
20181217,2.25
20181218,2.25
20181219,2.25
20181220,2.5
20181221,2.5
20181222,2.5
20181223,2.5
20181224,2.5
20181225,2.5
20181226,2.5
20181227,2.5
20181228,2.5
20181229,2.5
20181230,2.5
20181231,2.5
20190101,2.5
